"","3","4","5","6","17","18","19","20","21","22","23","24","33","36","37","38","39","40","41","42","43","44","45","46","47","48","49","50","51","52","53","54","55","56","57","58","59","60","61","62","63","64","65","66","67","68","69","70","71","72","73","74","75","76","77","78","79","80","81","82","83","84","85","86","87","88","89","90","91","92","93","94","95","96","97","98","99","100","101","102","103","104","105","106","107","108","109","110","111","112","113","114","115","116","117","118","119","120","121","122","123","124","125","29","30","31","416","423","1","2","7","8","9","10","11","12","13","14","15","16","25","26","27","28","32","34","35","399","400","401","402","403","404","405","406","407","408","409","410","411","412","413","414","415","417","418","419","420","421","422","424","425","426","427","428","429","430","431","432","433","434","435","436","437","438","439"
"3",0.00395256916996047,0.00197628458498024,0.00197628458498024,0.00197628458498024,0,0,0,0,0,0,0,0,0,0,0,0,0,0.00197628458498024,0.00197628458498024,0.00197628458498024,0.00197628458498024,0.00197628458498024,0.00197628458498024,0,0,0,0,0,0,0,0,0,0,0,0,0,0,0,0,0,0,0,0,0,0,0,0,0,0,0,0,0,0,0,0,0,0,0,0,0,0,0,0,0,0,0,0,0,0,0,0,0,0,0,0,0,0,0,0,0,0,0,0,0,0,0,0,0,0,0,0,0,0,0,0,0,0,0,0,0,0,0,0,0,0,0,0,0,0,0,0,0,0,0,0,0,0,0,0,0,0,0,0,0,0,0,0,0,0,0,0,0,0,0,0,0,0,0,0,0,0,0,0,0,0,0,0,0,0,0,0,0,0,0,0,0,0,0,0,0,0,0,0,0,0,0
"4",0.00197628458498024,0.00395256916996047,0.00197628458498024,0.00197628458498024,0,0,0,0,0,0,0,0,0,0,0,0,0,0.00197628458498024,0.00197628458498024,0.00197628458498024,0.00197628458498024,0.00197628458498024,0.00197628458498024,0,0,0,0,0,0,0,0,0,0,0,0,0,0,0,0,0,0,0,0,0,0,0,0,0,0,0,0,0,0,0,0,0,0,0,0,0,0,0,0,0,0,0,0,0,0,0,0,0,0,0,0,0,0,0,0,0,0,0,0,0,0,0,0,0,0,0,0,0,0,0,0,0,0,0,0,0,0,0,0,0,0,0,0,0,0,0,0,0,0,0,0,0,0,0,0,0,0,0,0,0,0,0,0,0,0,0,0,0,0,0,0,0,0,0,0,0,0,0,0,0,0,0,0,0,0,0,0,0,0,0,0,0,0,0,0,0,0,0,0,0,0,0
"5",0.00197628458498024,0.00197628458498024,0.00395256916996047,0.00197628458498024,0,0,0,0,0,0,0,0,0,0,0,0,0,0.00197628458498024,0.00197628458498024,0.00197628458498024,0.00197628458498024,0.00197628458498024,0.00197628458498024,0,0,0,0,0,0,0,0,0,0,0,0,0,0,0,0,0,0,0,0,0,0,0,0,0,0,0,0,0,0,0,0,0,0,0,0,0,0,0,0,0,0,0,0,0,0,0,0,0,0,0,0,0,0,0,0,0,0,0,0,0,0,0,0,0,0,0,0,0,0,0,0,0,0,0,0,0,0,0,0,0,0,0,0,0,0,0,0,0,0,0,0,0,0,0,0,0,0,0,0,0,0,0,0,0,0,0,0,0,0,0,0,0,0,0,0,0,0,0,0,0,0,0,0,0,0,0,0,0,0,0,0,0,0,0,0,0,0,0,0,0,0,0
"6",0.00197628458498024,0.00197628458498024,0.00197628458498024,0.00395256916996047,0,0,0,0,0,0,0,0,0,0,0,0,0,0.00197628458498024,0.00197628458498024,0.00197628458498024,0.00197628458498024,0.00197628458498024,0.00197628458498024,0,0,0,0,0,0,0,0,0,0,0,0,0,0,0,0,0,0,0,0,0,0,0,0,0,0,0,0,0,0,0,0,0,0,0,0,0,0,0,0,0,0,0,0,0,0,0,0,0,0,0,0,0,0,0,0,0,0,0,0,0,0,0,0,0,0,0,0,0,0,0,0,0,0,0,0,0,0,0,0,0,0,0,0,0,0,0,0,0,0,0,0,0,0,0,0,0,0,0,0,0,0,0,0,0,0,0,0,0,0,0,0,0,0,0,0,0,0,0,0,0,0,0,0,0,0,0,0,0,0,0,0,0,0,0,0,0,0,0,0,0,0,0
"17",0,0,0,0,0.2,0,0,0,0,0,0,0,0,0,0,0,0,0,0,0,0,0,0,0.054232614454664,0.054232614454664,0,0,0,0,0,0,0,0,0,0,0,0,0,0,0,0,0,0,0,0,0,0,0,0,0,0,0,0,0,0,0,0,0,0,0,0,0,0,0,0,0,0,0,0,0,0,0,0,0,0,0,0,0,0,0,0,0,0,0,0,0,0,0,0,0,0,0,0,0,0,0,0,0,0,0,0,0,0,0,0,0,0,0,0,0,0,0,0,0,0,0,0,0,0,0,0,0,0,0,0,0,0,0,0,0,0,0,0,0,0,0,0,0,0,0,0,0,0,0,0,0,0,0,0,0,0,0,0,0,0,0,0,0,0,0,0,0,0,0,0,0
"18",0,0,0,0,0,0.00625,0.00395284707521047,0.00389485595531097,0.00387608545591276,0.00614341483978738,0.00589911472728761,0.00378614083009614,0,0,0,0,0,0,0,0,0,0,0,0,0,0,0,0,0,0,0,0,0,0,0,0,0,0,0,0,0,0,0,0,0,0,0,0,0,0,0,0,0,0,0,0,0,0,0,0,0,0,0,0,0,0,0,0,0,0,0,0,0,0,0,0,0,0,0,0,0,0,0,0,0,0,0,0,0,0,0,0,0,0,0,0,0,0,0,0,0,0,0,0,0,0,0,0,0,0,0,0,0,0,0,0,0,0,0,0,0,0,0,0,0,0,0,0,0,0,0,0,0,0,0,0,0,0,0,0,0,0,0,0,0,0,0,0,0,0,0,0,0,0,0,0,0,0,0,0,0,0,0,0,0,0
"19",0,0,0,0,0,0.00395284707521047,0.01,0.00492664639082147,0.0049029033784546,0.00777087340200262,0.00746185548674875,0.00478913142610576,0,0,0,0,0,0,0,0,0,0,0,0,0,0,0,0,0,0,0,0,0,0,0,0,0,0,0,0,0,0,0,0,0,0,0,0,0,0,0,0,0,0,0,0,0,0,0,0,0,0,0,0,0,0,0,0,0,0,0,0,0,0,0,0,0,0,0,0,0,0,0,0,0,0,0,0,0,0,0,0,0,0,0,0,0,0,0,0,0,0,0,0,0,0,0,0,0,0,0,0,0,0,0,0,0,0,0,0,0,0,0,0,0,0,0,0,0,0,0,0,0,0,0,0,0,0,0,0,0,0,0,0,0,0,0,0,0,0,0,0,0,0,0,0,0,0,0,0,0,0,0,0,0,0
"20",0,0,0,0,0,0.00389485595531097,0.00492664639082147,0.00970873786407767,0.00483097424680195,0.00765686907990134,0.00735238468052442,0.00471887141111872,0,0,0,0,0,0,0,0,0,0,0,0,0,0,0,0,0,0,0,0,0,0,0,0,0,0,0,0,0,0,0,0,0,0,0,0,0,0,0,0,0,0,0,0,0,0,0,0,0,0,0,0,0,0,0,0,0,0,0,0,0,0,0,0,0,0,0,0,0,0,0,0,0,0,0,0,0,0,0,0,0,0,0,0,0,0,0,0,0,0,0,0,0,0,0,0,0,0,0,0,0,0,0,0,0,0,0,0,0,0,0,0,0,0,0,0,0,0,0,0,0,0,0,0,0,0,0,0,0,0,0,0,0,0,0,0,0,0,0,0,0,0,0,0,0,0,0,0,0,0,0,0,0,0
"21",0,0,0,0,0,0.00387608545591276,0.0049029033784546,0.00483097424680195,0.00961538461538462,0.00761996829124432,0.00731695129510409,0.0046961297297834,0,0,0,0,0,0,0,0,0,0,0,0,0,0,0,0,0,0,0,0,0,0,0,0,0,0,0,0,0,0,0,0,0,0,0,0,0,0,0,0,0,0,0,0,0,0,0,0,0,0,0,0,0,0,0,0,0,0,0,0,0,0,0,0,0,0,0,0,0,0,0,0,0,0,0,0,0,0,0,0,0,0,0,0,0,0,0,0,0,0,0,0,0,0,0,0,0,0,0,0,0,0,0,0,0,0,0,0,0,0,0,0,0,0,0,0,0,0,0,0,0,0,0,0,0,0,0,0,0,0,0,0,0,0,0,0,0,0,0,0,0,0,0,0,0,0,0,0,0,0,0,0,0,0
"22",0,0,0,0,0,0.00614341483978738,0.00777087340200262,0.00765686907990134,0.00761996829124432,0.0241545893719807,0.0115970268663126,0.00744314680356402,0,0,0,0,0,0,0,0,0,0,0,0,0,0,0,0,0,0,0,0,0,0,0,0,0,0,0,0,0,0,0,0,0,0,0,0,0,0,0,0,0,0,0,0,0,0,0,0,0,0,0,0,0,0,0,0,0,0,0,0,0,0,0,0,0,0,0,0,0,0,0,0,0,0,0,0,0,0,0,0,0,0,0,0,0,0,0,0,0,0,0,0,0,0,0,0,0,0,0,0,0,0,0,0,0,0,0,0,0,0,0,0,0,0,0,0,0,0,0,0,0,0,0,0,0,0,0,0,0,0,0,0,0,0,0,0,0,0,0,0,0,0,0,0,0,0,0,0,0,0,0,0,0,0
"23",0,0,0,0,0,0.00589911472728761,0.00746185548674875,0.00735238468052442,0.00731695129510409,0.0115970268663126,0.022271714922049,0.00714716132172963,0,0,0,0,0,0,0,0,0,0,0,0,0,0,0,0,0,0,0,0,0,0,0,0,0,0,0,0,0,0,0,0,0,0,0,0,0,0,0,0,0,0,0,0,0,0,0,0,0,0,0,0,0,0,0,0,0,0,0,0,0,0,0,0,0,0,0,0,0,0,0,0,0,0,0,0,0,0,0,0,0,0,0,0,0,0,0,0,0,0,0,0,0,0,0,0,0,0,0,0,0,0,0,0,0,0,0,0,0,0,0,0,0,0,0,0,0,0,0,0,0,0,0,0,0,0,0,0,0,0,0,0,0,0,0,0,0,0,0,0,0,0,0,0,0,0,0,0,0,0,0,0,0,0
"24",0,0,0,0,0,0.00378614083009614,0.00478913142610576,0.00471887141111872,0.0046961297297834,0.00744314680356402,0.00714716132172963,0.00917431192660551,0,0,0,0,0,0,0,0,0,0,0,0,0,0,0,0,0,0,0,0,0,0,0,0,0,0,0,0,0,0,0,0,0,0,0,0,0,0,0,0,0,0,0,0,0,0,0,0,0,0,0,0,0,0,0,0,0,0,0,0,0,0,0,0,0,0,0,0,0,0,0,0,0,0,0,0,0,0,0,0,0,0,0,0,0,0,0,0,0,0,0,0,0,0,0,0,0,0,0,0,0,0,0,0,0,0,0,0,0,0,0,0,0,0,0,0,0,0,0,0,0,0,0,0,0,0,0,0,0,0,0,0,0,0,0,0,0,0,0,0,0,0,0,0,0,0,0,0,0,0,0,0,0,0
"33",0,0,0,0,0,0,0,0,0,0,0,0,0.0666666666666667,0,0,0,0,0,0,0,0,0,0,0,0,0,0,0,0,0,0,0,0,0,0,0,0,0,0,0,0,0,0,0,0,0,0,0,0,0,0,0,0,0,0,0,0,0,0,0,0,0,0,0,0,0,0,0,0,0,0,0,0,0,0,0,0,0,0,0,0,0,0,0,0,0,0,0,0,0,0,0,0,0,0,0,0,0,0,0,0,0,0,0,0,0,0,0,0,0,0,0,0,0,0,0,0,0,0,0,0,0,0,0,0,0,0,0,0,0,0,0,0,0,0,0,0,0,0,0,0,0,0,0,0,0,0,0,0,0,0,0,0,0,0,0,0,0,0,0,0,0,0,0,0,0
"36",0,0,0,0,0,0,0,0,0,0,0,0,0,0.0072463768115942,0.0036231884057971,0.00395185923386674,0.00395185923386674,0,0,0,0,0,0,0,0,0,0,0,0,0.00951733734533601,0.00951733734533601,0.00951733734533601,0.00951733734533601,0.00951733734533601,0.00951733734533601,0,0,0,0,0,0,0,0,0,0,0,0,0,0,0,0,0,0,0,0,0,0,0,0,0,0,0.00446179656677451,0.00446179656677451,0.00446179656677451,0.00446179656677451,0.00446179656677451,0.00446179656677451,0,0,0,0,0,0,0,0,0,0,0,0,0,0,0,0,0,0,0,0,0,0,0,0,0,0,0,0,0,0,0,0,0,0,0,0,0,0,0,0,0,0,0,0,0,0,0,0,0,0,0,0,0,0,0,0,0,0,0,0,0,0,0,0,0,0,0,0,0,0,0,0,0,0,0,0,0,0,0,0,0,0,0,0,0,0,0,0,0,0,0,0,0,0,0,0,0,0,0
"37",0,0,0,0,0,0,0,0,0,0,0,0,0,0.0036231884057971,0.0072463768115942,0.00395185923386674,0.00395185923386674,0,0,0,0,0,0,0,0,0,0,0,0,0.00951733734533601,0.00951733734533601,0.00951733734533601,0.00951733734533601,0.00951733734533601,0.00951733734533601,0,0,0,0,0,0,0,0,0,0,0,0,0,0,0,0,0,0,0,0,0,0,0,0,0,0,0.00446179656677451,0.00446179656677451,0.00446179656677451,0.00446179656677451,0.00446179656677451,0.00446179656677451,0,0,0,0,0,0,0,0,0,0,0,0,0,0,0,0,0,0,0,0,0,0,0,0,0,0,0,0,0,0,0,0,0,0,0,0,0,0,0,0,0,0,0,0,0,0,0,0,0,0,0,0,0,0,0,0,0,0,0,0,0,0,0,0,0,0,0,0,0,0,0,0,0,0,0,0,0,0,0,0,0,0,0,0,0,0,0,0,0,0,0,0,0,0,0,0,0,0,0
"38",0,0,0,0,0,0,0,0,0,0,0,0,0,0.00395185923386674,0.00395185923386674,0.00862068965517241,0.00431034482758621,0,0,0,0,0,0,0,0,0,0,0,0,0.0103806849817175,0.0103806849817175,0.0103806849817175,0.0103806849817175,0.0103806849817175,0.0103806849817175,0,0,0,0,0,0,0,0,0,0,0,0,0,0,0,0,0,0,0,0,0,0,0,0,0,0,0.00486654018152381,0.00486654018152381,0.00486654018152381,0.00486654018152381,0.00486654018152381,0.00486654018152381,0,0,0,0,0,0,0,0,0,0,0,0,0,0,0,0,0,0,0,0,0,0,0,0,0,0,0,0,0,0,0,0,0,0,0,0,0,0,0,0,0,0,0,0,0,0,0,0,0,0,0,0,0,0,0,0,0,0,0,0,0,0,0,0,0,0,0,0,0,0,0,0,0,0,0,0,0,0,0,0,0,0,0,0,0,0,0,0,0,0,0,0,0,0,0,0,0,0,0
"39",0,0,0,0,0,0,0,0,0,0,0,0,0,0.00395185923386674,0.00395185923386674,0.00431034482758621,0.00862068965517241,0,0,0,0,0,0,0,0,0,0,0,0,0.0103806849817175,0.0103806849817175,0.0103806849817175,0.0103806849817175,0.0103806849817175,0.0103806849817175,0,0,0,0,0,0,0,0,0,0,0,0,0,0,0,0,0,0,0,0,0,0,0,0,0,0,0.00486654018152381,0.00486654018152381,0.00486654018152381,0.00486654018152381,0.00486654018152381,0.00486654018152381,0,0,0,0,0,0,0,0,0,0,0,0,0,0,0,0,0,0,0,0,0,0,0,0,0,0,0,0,0,0,0,0,0,0,0,0,0,0,0,0,0,0,0,0,0,0,0,0,0,0,0,0,0,0,0,0,0,0,0,0,0,0,0,0,0,0,0,0,0,0,0,0,0,0,0,0,0,0,0,0,0,0,0,0,0,0,0,0,0,0,0,0,0,0,0,0,0,0,0
"40",0.00197628458498024,0.00197628458498024,0.00197628458498024,0.00197628458498024,0,0,0,0,0,0,0,0,0,0,0,0,0,0.00395256916996047,0.00197628458498024,0.00197628458498024,0.00197628458498024,0.00197628458498024,0.00197628458498024,0,0,0,0,0,0,0,0,0,0,0,0,0,0,0,0,0,0,0,0,0,0,0,0,0,0,0,0,0,0,0,0,0,0,0,0,0,0,0,0,0,0,0,0,0,0,0,0,0,0,0,0,0,0,0,0,0,0,0,0,0,0,0,0,0,0,0,0,0,0,0,0,0,0,0,0,0,0,0,0,0,0,0,0,0,0,0,0,0,0,0,0,0,0,0,0,0,0,0,0,0,0,0,0,0,0,0,0,0,0,0,0,0,0,0,0,0,0,0,0,0,0,0,0,0,0,0,0,0,0,0,0,0,0,0,0,0,0,0,0,0,0,0
"41",0.00197628458498024,0.00197628458498024,0.00197628458498024,0.00197628458498024,0,0,0,0,0,0,0,0,0,0,0,0,0,0.00197628458498024,0.00395256916996047,0.00197628458498024,0.00197628458498024,0.00197628458498024,0.00197628458498024,0,0,0,0,0,0,0,0,0,0,0,0,0,0,0,0,0,0,0,0,0,0,0,0,0,0,0,0,0,0,0,0,0,0,0,0,0,0,0,0,0,0,0,0,0,0,0,0,0,0,0,0,0,0,0,0,0,0,0,0,0,0,0,0,0,0,0,0,0,0,0,0,0,0,0,0,0,0,0,0,0,0,0,0,0,0,0,0,0,0,0,0,0,0,0,0,0,0,0,0,0,0,0,0,0,0,0,0,0,0,0,0,0,0,0,0,0,0,0,0,0,0,0,0,0,0,0,0,0,0,0,0,0,0,0,0,0,0,0,0,0,0,0
"42",0.00197628458498024,0.00197628458498024,0.00197628458498024,0.00197628458498024,0,0,0,0,0,0,0,0,0,0,0,0,0,0.00197628458498024,0.00197628458498024,0.00395256916996047,0.00197628458498024,0.00197628458498024,0.00197628458498024,0,0,0,0,0,0,0,0,0,0,0,0,0,0,0,0,0,0,0,0,0,0,0,0,0,0,0,0,0,0,0,0,0,0,0,0,0,0,0,0,0,0,0,0,0,0,0,0,0,0,0,0,0,0,0,0,0,0,0,0,0,0,0,0,0,0,0,0,0,0,0,0,0,0,0,0,0,0,0,0,0,0,0,0,0,0,0,0,0,0,0,0,0,0,0,0,0,0,0,0,0,0,0,0,0,0,0,0,0,0,0,0,0,0,0,0,0,0,0,0,0,0,0,0,0,0,0,0,0,0,0,0,0,0,0,0,0,0,0,0,0,0,0
"43",0.00197628458498024,0.00197628458498024,0.00197628458498024,0.00197628458498024,0,0,0,0,0,0,0,0,0,0,0,0,0,0.00197628458498024,0.00197628458498024,0.00197628458498024,0.00395256916996047,0.00197628458498024,0.00197628458498024,0,0,0,0,0,0,0,0,0,0,0,0,0,0,0,0,0,0,0,0,0,0,0,0,0,0,0,0,0,0,0,0,0,0,0,0,0,0,0,0,0,0,0,0,0,0,0,0,0,0,0,0,0,0,0,0,0,0,0,0,0,0,0,0,0,0,0,0,0,0,0,0,0,0,0,0,0,0,0,0,0,0,0,0,0,0,0,0,0,0,0,0,0,0,0,0,0,0,0,0,0,0,0,0,0,0,0,0,0,0,0,0,0,0,0,0,0,0,0,0,0,0,0,0,0,0,0,0,0,0,0,0,0,0,0,0,0,0,0,0,0,0,0
"44",0.00197628458498024,0.00197628458498024,0.00197628458498024,0.00197628458498024,0,0,0,0,0,0,0,0,0,0,0,0,0,0.00197628458498024,0.00197628458498024,0.00197628458498024,0.00197628458498024,0.00395256916996047,0.00197628458498024,0,0,0,0,0,0,0,0,0,0,0,0,0,0,0,0,0,0,0,0,0,0,0,0,0,0,0,0,0,0,0,0,0,0,0,0,0,0,0,0,0,0,0,0,0,0,0,0,0,0,0,0,0,0,0,0,0,0,0,0,0,0,0,0,0,0,0,0,0,0,0,0,0,0,0,0,0,0,0,0,0,0,0,0,0,0,0,0,0,0,0,0,0,0,0,0,0,0,0,0,0,0,0,0,0,0,0,0,0,0,0,0,0,0,0,0,0,0,0,0,0,0,0,0,0,0,0,0,0,0,0,0,0,0,0,0,0,0,0,0,0,0,0
"45",0.00197628458498024,0.00197628458498024,0.00197628458498024,0.00197628458498024,0,0,0,0,0,0,0,0,0,0,0,0,0,0.00197628458498024,0.00197628458498024,0.00197628458498024,0.00197628458498024,0.00197628458498024,0.00395256916996047,0,0,0,0,0,0,0,0,0,0,0,0,0,0,0,0,0,0,0,0,0,0,0,0,0,0,0,0,0,0,0,0,0,0,0,0,0,0,0,0,0,0,0,0,0,0,0,0,0,0,0,0,0,0,0,0,0,0,0,0,0,0,0,0,0,0,0,0,0,0,0,0,0,0,0,0,0,0,0,0,0,0,0,0,0,0,0,0,0,0,0,0,0,0,0,0,0,0,0,0,0,0,0,0,0,0,0,0,0,0,0,0,0,0,0,0,0,0,0,0,0,0,0,0,0,0,0,0,0,0,0,0,0,0,0,0,0,0,0,0,0,0,0
"46",0,0,0,0,0.054232614454664,0,0,0,0,0,0,0,0,0,0,0,0,0,0,0,0,0,0,0.0588235294117647,0.0294117647058824,0,0,0,0,0,0,0,0,0,0,0,0,0,0,0,0,0,0,0,0,0,0,0,0,0,0,0,0,0,0,0,0,0,0,0,0,0,0,0,0,0,0,0,0,0,0,0,0,0,0,0,0,0,0,0,0,0,0,0,0,0,0,0,0,0,0,0,0,0,0,0,0,0,0,0,0,0,0,0,0,0,0,0,0,0,0,0,0,0,0,0,0,0,0,0,0,0,0,0,0,0,0,0,0,0,0,0,0,0,0,0,0,0,0,0,0,0,0,0,0,0,0,0,0,0,0,0,0,0,0,0,0,0,0,0,0,0,0,0,0,0
"47",0,0,0,0,0.054232614454664,0,0,0,0,0,0,0,0,0,0,0,0,0,0,0,0,0,0,0.0294117647058824,0.0588235294117647,0,0,0,0,0,0,0,0,0,0,0,0,0,0,0,0,0,0,0,0,0,0,0,0,0,0,0,0,0,0,0,0,0,0,0,0,0,0,0,0,0,0,0,0,0,0,0,0,0,0,0,0,0,0,0,0,0,0,0,0,0,0,0,0,0,0,0,0,0,0,0,0,0,0,0,0,0,0,0,0,0,0,0,0,0,0,0,0,0,0,0,0,0,0,0,0,0,0,0,0,0,0,0,0,0,0,0,0,0,0,0,0,0,0,0,0,0,0,0,0,0,0,0,0,0,0,0,0,0,0,0,0,0,0,0,0,0,0,0,0,0
"48",0,0,0,0,0,0,0,0,0,0,0,0,0,0,0,0,0,0,0,0,0,0,0,0,0,0.0625,0.03125,0.033407655239053,0.0322748612183951,0,0,0,0,0,0,0,0,0,0,0,0,0,0,0,0,0,0,0,0,0,0,0,0,0,0,0,0,0,0,0,0,0,0,0,0,0,0,0,0,0,0,0,0,0,0,0,0,0,0,0,0,0,0,0,0,0,0,0,0,0,0,0,0,0,0,0,0,0,0,0,0,0,0,0,0,0,0,0,0,0,0,0,0,0,0,0,0,0,0,0,0,0,0,0,0,0,0,0,0,0,0,0,0,0,0,0,0,0,0,0,0,0,0,0,0,0,0,0,0,0,0,0,0,0,0,0,0,0,0,0,0,0,0,0,0,0
"49",0,0,0,0,0,0,0,0,0,0,0,0,0,0,0,0,0,0,0,0,0,0,0,0,0,0.03125,0.0625,0.033407655239053,0.0322748612183951,0,0,0,0,0,0,0,0,0,0,0,0,0,0,0,0,0,0,0,0,0,0,0,0,0,0,0,0,0,0,0,0,0,0,0,0,0,0,0,0,0,0,0,0,0,0,0,0,0,0,0,0,0,0,0,0,0,0,0,0,0,0,0,0,0,0,0,0,0,0,0,0,0,0,0,0,0,0,0,0,0,0,0,0,0,0,0,0,0,0,0,0,0,0,0,0,0,0,0,0,0,0,0,0,0,0,0,0,0,0,0,0,0,0,0,0,0,0,0,0,0,0,0,0,0,0,0,0,0,0,0,0,0,0,0,0,0
"50",0,0,0,0,0,0,0,0,0,0,0,0,0,0,0,0,0,0,0,0,0,0,0,0,0,0.033407655239053,0.033407655239053,0.0714285714285714,0.0345032779671177,0,0,0,0,0,0,0,0,0,0,0,0,0,0,0,0,0,0,0,0,0,0,0,0,0,0,0,0,0,0,0,0,0,0,0,0,0,0,0,0,0,0,0,0,0,0,0,0,0,0,0,0,0,0,0,0,0,0,0,0,0,0,0,0,0,0,0,0,0,0,0,0,0,0,0,0,0,0,0,0,0,0,0,0,0,0,0,0,0,0,0,0,0,0,0,0,0,0,0,0,0,0,0,0,0,0,0,0,0,0,0,0,0,0,0,0,0,0,0,0,0,0,0,0,0,0,0,0,0,0,0,0,0,0,0,0,0
"51",0,0,0,0,0,0,0,0,0,0,0,0,0,0,0,0,0,0,0,0,0,0,0,0,0,0.0322748612183951,0.0322748612183951,0.0345032779671177,0.0666666666666667,0,0,0,0,0,0,0,0,0,0,0,0,0,0,0,0,0,0,0,0,0,0,0,0,0,0,0,0,0,0,0,0,0,0,0,0,0,0,0,0,0,0,0,0,0,0,0,0,0,0,0,0,0,0,0,0,0,0,0,0,0,0,0,0,0,0,0,0,0,0,0,0,0,0,0,0,0,0,0,0,0,0,0,0,0,0,0,0,0,0,0,0,0,0,0,0,0,0,0,0,0,0,0,0,0,0,0,0,0,0,0,0,0,0,0,0,0,0,0,0,0,0,0,0,0,0,0,0,0,0,0,0,0,0,0,0,0
"52",0,0,0,0,0,0,0,0,0,0,0,0,0,0.00951733734533601,0.00951733734533601,0.0103806849817175,0.0103806849817175,0,0,0,0,0,0,0,0,0,0,0,0,0.05,0.025,0.025,0.025,0.025,0.025,0,0,0,0,0,0,0,0,0,0,0,0,0,0,0,0,0,0,0,0,0,0,0,0,0,0,0.0117201807734624,0.0117201807734624,0.0117201807734624,0.0117201807734624,0.0117201807734624,0.0117201807734624,0,0,0,0,0,0,0,0,0,0,0,0,0,0,0,0,0,0,0,0,0,0,0,0,0,0,0,0,0,0,0,0,0,0,0,0,0,0,0,0,0,0,0,0,0,0,0,0,0,0,0,0,0,0,0,0,0,0,0,0,0,0,0,0,0,0,0,0,0,0,0,0,0,0,0,0,0,0,0,0,0,0,0,0,0,0,0,0,0,0,0,0,0,0,0,0,0,0,0
"53",0,0,0,0,0,0,0,0,0,0,0,0,0,0.00951733734533601,0.00951733734533601,0.0103806849817175,0.0103806849817175,0,0,0,0,0,0,0,0,0,0,0,0,0.025,0.05,0.025,0.025,0.025,0.025,0,0,0,0,0,0,0,0,0,0,0,0,0,0,0,0,0,0,0,0,0,0,0,0,0,0,0.0117201807734624,0.0117201807734624,0.0117201807734624,0.0117201807734624,0.0117201807734624,0.0117201807734624,0,0,0,0,0,0,0,0,0,0,0,0,0,0,0,0,0,0,0,0,0,0,0,0,0,0,0,0,0,0,0,0,0,0,0,0,0,0,0,0,0,0,0,0,0,0,0,0,0,0,0,0,0,0,0,0,0,0,0,0,0,0,0,0,0,0,0,0,0,0,0,0,0,0,0,0,0,0,0,0,0,0,0,0,0,0,0,0,0,0,0,0,0,0,0,0,0,0,0
"54",0,0,0,0,0,0,0,0,0,0,0,0,0,0.00951733734533601,0.00951733734533601,0.0103806849817175,0.0103806849817175,0,0,0,0,0,0,0,0,0,0,0,0,0.025,0.025,0.05,0.025,0.025,0.025,0,0,0,0,0,0,0,0,0,0,0,0,0,0,0,0,0,0,0,0,0,0,0,0,0,0,0.0117201807734624,0.0117201807734624,0.0117201807734624,0.0117201807734624,0.0117201807734624,0.0117201807734624,0,0,0,0,0,0,0,0,0,0,0,0,0,0,0,0,0,0,0,0,0,0,0,0,0,0,0,0,0,0,0,0,0,0,0,0,0,0,0,0,0,0,0,0,0,0,0,0,0,0,0,0,0,0,0,0,0,0,0,0,0,0,0,0,0,0,0,0,0,0,0,0,0,0,0,0,0,0,0,0,0,0,0,0,0,0,0,0,0,0,0,0,0,0,0,0,0,0,0
"55",0,0,0,0,0,0,0,0,0,0,0,0,0,0.00951733734533601,0.00951733734533601,0.0103806849817175,0.0103806849817175,0,0,0,0,0,0,0,0,0,0,0,0,0.025,0.025,0.025,0.05,0.025,0.025,0,0,0,0,0,0,0,0,0,0,0,0,0,0,0,0,0,0,0,0,0,0,0,0,0,0,0.0117201807734624,0.0117201807734624,0.0117201807734624,0.0117201807734624,0.0117201807734624,0.0117201807734624,0,0,0,0,0,0,0,0,0,0,0,0,0,0,0,0,0,0,0,0,0,0,0,0,0,0,0,0,0,0,0,0,0,0,0,0,0,0,0,0,0,0,0,0,0,0,0,0,0,0,0,0,0,0,0,0,0,0,0,0,0,0,0,0,0,0,0,0,0,0,0,0,0,0,0,0,0,0,0,0,0,0,0,0,0,0,0,0,0,0,0,0,0,0,0,0,0,0,0
"56",0,0,0,0,0,0,0,0,0,0,0,0,0,0.00951733734533601,0.00951733734533601,0.0103806849817175,0.0103806849817175,0,0,0,0,0,0,0,0,0,0,0,0,0.025,0.025,0.025,0.025,0.05,0.025,0,0,0,0,0,0,0,0,0,0,0,0,0,0,0,0,0,0,0,0,0,0,0,0,0,0,0.0117201807734624,0.0117201807734624,0.0117201807734624,0.0117201807734624,0.0117201807734624,0.0117201807734624,0,0,0,0,0,0,0,0,0,0,0,0,0,0,0,0,0,0,0,0,0,0,0,0,0,0,0,0,0,0,0,0,0,0,0,0,0,0,0,0,0,0,0,0,0,0,0,0,0,0,0,0,0,0,0,0,0,0,0,0,0,0,0,0,0,0,0,0,0,0,0,0,0,0,0,0,0,0,0,0,0,0,0,0,0,0,0,0,0,0,0,0,0,0,0,0,0,0,0
"57",0,0,0,0,0,0,0,0,0,0,0,0,0,0.00951733734533601,0.00951733734533601,0.0103806849817175,0.0103806849817175,0,0,0,0,0,0,0,0,0,0,0,0,0.025,0.025,0.025,0.025,0.025,0.05,0,0,0,0,0,0,0,0,0,0,0,0,0,0,0,0,0,0,0,0,0,0,0,0,0,0,0.0117201807734624,0.0117201807734624,0.0117201807734624,0.0117201807734624,0.0117201807734624,0.0117201807734624,0,0,0,0,0,0,0,0,0,0,0,0,0,0,0,0,0,0,0,0,0,0,0,0,0,0,0,0,0,0,0,0,0,0,0,0,0,0,0,0,0,0,0,0,0,0,0,0,0,0,0,0,0,0,0,0,0,0,0,0,0,0,0,0,0,0,0,0,0,0,0,0,0,0,0,0,0,0,0,0,0,0,0,0,0,0,0,0,0,0,0,0,0,0,0,0,0,0,0
"58",0,0,0,0,0,0,0,0,0,0,0,0,0,0,0,0,0,0,0,0,0,0,0,0,0,0,0,0,0,0,0,0,0,0,0,0.111111111111111,0.0555555555555556,0.058925565098879,0.0502518907629606,0.0502518907629606,0.0502518907629606,0.0555555555555556,0.0555555555555556,0.058925565098879,0.0502518907629606,0.0502518907629606,0.0502518907629606,0,0,0,0,0,0,0,0,0,0,0,0,0,0,0,0,0,0,0,0,0,0,0,0,0,0,0,0,0,0,0,0,0,0,0,0,0,0,0,0,0,0,0,0,0,0,0,0,0,0,0,0,0,0,0,0,0,0,0,0,0,0,0,0,0,0,0,0,0,0,0,0,0,0,0,0,0,0,0,0,0,0,0,0,0,0,0,0,0,0,0,0,0,0,0,0,0,0,0,0,0,0,0,0,0,0,0,0,0,0,0,0,0,0,0,0,0,0,0
"59",0,0,0,0,0,0,0,0,0,0,0,0,0,0,0,0,0,0,0,0,0,0,0,0,0,0,0,0,0,0,0,0,0,0,0,0.0555555555555556,0.111111111111111,0.058925565098879,0.0502518907629606,0.0502518907629606,0.0502518907629606,0.0555555555555556,0.0555555555555556,0.058925565098879,0.0502518907629606,0.0502518907629606,0.0502518907629606,0,0,0,0,0,0,0,0,0,0,0,0,0,0,0,0,0,0,0,0,0,0,0,0,0,0,0,0,0,0,0,0,0,0,0,0,0,0,0,0,0,0,0,0,0,0,0,0,0,0,0,0,0,0,0,0,0,0,0,0,0,0,0,0,0,0,0,0,0,0,0,0,0,0,0,0,0,0,0,0,0,0,0,0,0,0,0,0,0,0,0,0,0,0,0,0,0,0,0,0,0,0,0,0,0,0,0,0,0,0,0,0,0,0,0,0,0,0,0
"60",0,0,0,0,0,0,0,0,0,0,0,0,0,0,0,0,0,0,0,0,0,0,0,0,0,0,0,0,0,0,0,0,0,0,0,0.058925565098879,0.058925565098879,0.125,0.0533001790889026,0.0533001790889026,0.0533001790889026,0.058925565098879,0.058925565098879,0.0625,0.0533001790889026,0.0533001790889026,0.0533001790889026,0,0,0,0,0,0,0,0,0,0,0,0,0,0,0,0,0,0,0,0,0,0,0,0,0,0,0,0,0,0,0,0,0,0,0,0,0,0,0,0,0,0,0,0,0,0,0,0,0,0,0,0,0,0,0,0,0,0,0,0,0,0,0,0,0,0,0,0,0,0,0,0,0,0,0,0,0,0,0,0,0,0,0,0,0,0,0,0,0,0,0,0,0,0,0,0,0,0,0,0,0,0,0,0,0,0,0,0,0,0,0,0,0,0,0,0,0,0,0
"61",0,0,0,0,0,0,0,0,0,0,0,0,0,0,0,0,0,0,0,0,0,0,0,0,0,0,0,0,0,0,0,0,0,0,0,0.0502518907629606,0.0502518907629606,0.0533001790889026,0.0909090909090909,0.0454545454545455,0.0454545454545455,0.0502518907629606,0.0502518907629606,0.0533001790889026,0.0454545454545455,0.0454545454545455,0.0454545454545455,0,0,0,0,0,0,0,0,0,0,0,0,0,0,0,0,0,0,0,0,0,0,0,0,0,0,0,0,0,0,0,0,0,0,0,0,0,0,0,0,0,0,0,0,0,0,0,0,0,0,0,0,0,0,0,0,0,0,0,0,0,0,0,0,0,0,0,0,0,0,0,0,0,0,0,0,0,0,0,0,0,0,0,0,0,0,0,0,0,0,0,0,0,0,0,0,0,0,0,0,0,0,0,0,0,0,0,0,0,0,0,0,0,0,0,0,0,0,0
"62",0,0,0,0,0,0,0,0,0,0,0,0,0,0,0,0,0,0,0,0,0,0,0,0,0,0,0,0,0,0,0,0,0,0,0,0.0502518907629606,0.0502518907629606,0.0533001790889026,0.0454545454545455,0.0909090909090909,0.0454545454545455,0.0502518907629606,0.0502518907629606,0.0533001790889026,0.0454545454545455,0.0454545454545455,0.0454545454545455,0,0,0,0,0,0,0,0,0,0,0,0,0,0,0,0,0,0,0,0,0,0,0,0,0,0,0,0,0,0,0,0,0,0,0,0,0,0,0,0,0,0,0,0,0,0,0,0,0,0,0,0,0,0,0,0,0,0,0,0,0,0,0,0,0,0,0,0,0,0,0,0,0,0,0,0,0,0,0,0,0,0,0,0,0,0,0,0,0,0,0,0,0,0,0,0,0,0,0,0,0,0,0,0,0,0,0,0,0,0,0,0,0,0,0,0,0,0,0
"63",0,0,0,0,0,0,0,0,0,0,0,0,0,0,0,0,0,0,0,0,0,0,0,0,0,0,0,0,0,0,0,0,0,0,0,0.0502518907629606,0.0502518907629606,0.0533001790889026,0.0454545454545455,0.0454545454545455,0.0909090909090909,0.0502518907629606,0.0502518907629606,0.0533001790889026,0.0454545454545455,0.0454545454545455,0.0454545454545455,0,0,0,0,0,0,0,0,0,0,0,0,0,0,0,0,0,0,0,0,0,0,0,0,0,0,0,0,0,0,0,0,0,0,0,0,0,0,0,0,0,0,0,0,0,0,0,0,0,0,0,0,0,0,0,0,0,0,0,0,0,0,0,0,0,0,0,0,0,0,0,0,0,0,0,0,0,0,0,0,0,0,0,0,0,0,0,0,0,0,0,0,0,0,0,0,0,0,0,0,0,0,0,0,0,0,0,0,0,0,0,0,0,0,0,0,0,0,0
"64",0,0,0,0,0,0,0,0,0,0,0,0,0,0,0,0,0,0,0,0,0,0,0,0,0,0,0,0,0,0,0,0,0,0,0,0.0555555555555556,0.0555555555555556,0.058925565098879,0.0502518907629606,0.0502518907629606,0.0502518907629606,0.111111111111111,0.0555555555555556,0.058925565098879,0.0502518907629606,0.0502518907629606,0.0502518907629606,0,0,0,0,0,0,0,0,0,0,0,0,0,0,0,0,0,0,0,0,0,0,0,0,0,0,0,0,0,0,0,0,0,0,0,0,0,0,0,0,0,0,0,0,0,0,0,0,0,0,0,0,0,0,0,0,0,0,0,0,0,0,0,0,0,0,0,0,0,0,0,0,0,0,0,0,0,0,0,0,0,0,0,0,0,0,0,0,0,0,0,0,0,0,0,0,0,0,0,0,0,0,0,0,0,0,0,0,0,0,0,0,0,0,0,0,0,0,0
"65",0,0,0,0,0,0,0,0,0,0,0,0,0,0,0,0,0,0,0,0,0,0,0,0,0,0,0,0,0,0,0,0,0,0,0,0.0555555555555556,0.0555555555555556,0.058925565098879,0.0502518907629606,0.0502518907629606,0.0502518907629606,0.0555555555555556,0.111111111111111,0.058925565098879,0.0502518907629606,0.0502518907629606,0.0502518907629606,0,0,0,0,0,0,0,0,0,0,0,0,0,0,0,0,0,0,0,0,0,0,0,0,0,0,0,0,0,0,0,0,0,0,0,0,0,0,0,0,0,0,0,0,0,0,0,0,0,0,0,0,0,0,0,0,0,0,0,0,0,0,0,0,0,0,0,0,0,0,0,0,0,0,0,0,0,0,0,0,0,0,0,0,0,0,0,0,0,0,0,0,0,0,0,0,0,0,0,0,0,0,0,0,0,0,0,0,0,0,0,0,0,0,0,0,0,0,0
"66",0,0,0,0,0,0,0,0,0,0,0,0,0,0,0,0,0,0,0,0,0,0,0,0,0,0,0,0,0,0,0,0,0,0,0,0.058925565098879,0.058925565098879,0.0625,0.0533001790889026,0.0533001790889026,0.0533001790889026,0.058925565098879,0.058925565098879,0.125,0.0533001790889026,0.0533001790889026,0.0533001790889026,0,0,0,0,0,0,0,0,0,0,0,0,0,0,0,0,0,0,0,0,0,0,0,0,0,0,0,0,0,0,0,0,0,0,0,0,0,0,0,0,0,0,0,0,0,0,0,0,0,0,0,0,0,0,0,0,0,0,0,0,0,0,0,0,0,0,0,0,0,0,0,0,0,0,0,0,0,0,0,0,0,0,0,0,0,0,0,0,0,0,0,0,0,0,0,0,0,0,0,0,0,0,0,0,0,0,0,0,0,0,0,0,0,0,0,0,0,0,0
"67",0,0,0,0,0,0,0,0,0,0,0,0,0,0,0,0,0,0,0,0,0,0,0,0,0,0,0,0,0,0,0,0,0,0,0,0.0502518907629606,0.0502518907629606,0.0533001790889026,0.0454545454545455,0.0454545454545455,0.0454545454545455,0.0502518907629606,0.0502518907629606,0.0533001790889026,0.0909090909090909,0.0454545454545455,0.0454545454545455,0,0,0,0,0,0,0,0,0,0,0,0,0,0,0,0,0,0,0,0,0,0,0,0,0,0,0,0,0,0,0,0,0,0,0,0,0,0,0,0,0,0,0,0,0,0,0,0,0,0,0,0,0,0,0,0,0,0,0,0,0,0,0,0,0,0,0,0,0,0,0,0,0,0,0,0,0,0,0,0,0,0,0,0,0,0,0,0,0,0,0,0,0,0,0,0,0,0,0,0,0,0,0,0,0,0,0,0,0,0,0,0,0,0,0,0,0,0,0
"68",0,0,0,0,0,0,0,0,0,0,0,0,0,0,0,0,0,0,0,0,0,0,0,0,0,0,0,0,0,0,0,0,0,0,0,0.0502518907629606,0.0502518907629606,0.0533001790889026,0.0454545454545455,0.0454545454545455,0.0454545454545455,0.0502518907629606,0.0502518907629606,0.0533001790889026,0.0454545454545455,0.0909090909090909,0.0454545454545455,0,0,0,0,0,0,0,0,0,0,0,0,0,0,0,0,0,0,0,0,0,0,0,0,0,0,0,0,0,0,0,0,0,0,0,0,0,0,0,0,0,0,0,0,0,0,0,0,0,0,0,0,0,0,0,0,0,0,0,0,0,0,0,0,0,0,0,0,0,0,0,0,0,0,0,0,0,0,0,0,0,0,0,0,0,0,0,0,0,0,0,0,0,0,0,0,0,0,0,0,0,0,0,0,0,0,0,0,0,0,0,0,0,0,0,0,0,0,0
"69",0,0,0,0,0,0,0,0,0,0,0,0,0,0,0,0,0,0,0,0,0,0,0,0,0,0,0,0,0,0,0,0,0,0,0,0.0502518907629606,0.0502518907629606,0.0533001790889026,0.0454545454545455,0.0454545454545455,0.0454545454545455,0.0502518907629606,0.0502518907629606,0.0533001790889026,0.0454545454545455,0.0454545454545455,0.0909090909090909,0,0,0,0,0,0,0,0,0,0,0,0,0,0,0,0,0,0,0,0,0,0,0,0,0,0,0,0,0,0,0,0,0,0,0,0,0,0,0,0,0,0,0,0,0,0,0,0,0,0,0,0,0,0,0,0,0,0,0,0,0,0,0,0,0,0,0,0,0,0,0,0,0,0,0,0,0,0,0,0,0,0,0,0,0,0,0,0,0,0,0,0,0,0,0,0,0,0,0,0,0,0,0,0,0,0,0,0,0,0,0,0,0,0,0,0,0,0,0
"70",0,0,0,0,0,0,0,0,0,0,0,0,0,0,0,0,0,0,0,0,0,0,0,0,0,0,0,0,0,0,0,0,0,0,0,0,0,0,0,0,0,0,0,0,0,0,0,0.0113636363636364,0.00568181818181818,0.00568181818181818,0.00568181818181818,0.00568181818181818,0.00568181818181818,0.00568181818181818,0.00568181818181818,0.00568181818181818,0.00568181818181818,0.00568181818181818,0.00568181818181818,0,0,0,0,0,0,0,0,0.00218693283783949,0.00218693283783949,0.00218693283783949,0.00218693283783949,0.00220746786899378,0.00220746786899378,0.00220746786899378,0.00220746786899378,0.00222084079537094,0.00222084079537094,0.00222084079537094,0.00222084079537094,0.00303214124887081,0.00303214124887081,0.00303214124887081,0.00303214124887081,0.00303214124887081,0.00303214124887081,0.00303214124887081,0.00303214124887081,0.00306201528307084,0.00306201528307084,0.00306201528307084,0.00306201528307084,0.00299836933050573,0.00299836933050573,0.00299836933050573,0.00299836933050573,0.00299836933050573,0.00299836933050573,0.00299836933050573,0.00299836933050573,0.00299836933050573,0.00299836933050573,0.00299836933050573,0.00299836933050573,0,0,0,0,0,0,0,0,0,0,0,0,0,0,0,0,0,0,0,0,0,0,0,0,0,0,0,0,0,0,0,0,0,0,0,0,0,0,0,0,0,0,0,0,0,0,0,0,0,0,0,0,0,0,0,0,0,0,0,0,0,0,0
"71",0,0,0,0,0,0,0,0,0,0,0,0,0,0,0,0,0,0,0,0,0,0,0,0,0,0,0,0,0,0,0,0,0,0,0,0,0,0,0,0,0,0,0,0,0,0,0,0.00568181818181818,0.0113636363636364,0.00568181818181818,0.00568181818181818,0.00568181818181818,0.00568181818181818,0.00568181818181818,0.00568181818181818,0.00568181818181818,0.00568181818181818,0.00568181818181818,0.00568181818181818,0,0,0,0,0,0,0,0,0.00218693283783949,0.00218693283783949,0.00218693283783949,0.00218693283783949,0.00220746786899378,0.00220746786899378,0.00220746786899378,0.00220746786899378,0.00222084079537094,0.00222084079537094,0.00222084079537094,0.00222084079537094,0.00303214124887081,0.00303214124887081,0.00303214124887081,0.00303214124887081,0.00303214124887081,0.00303214124887081,0.00303214124887081,0.00303214124887081,0.00306201528307084,0.00306201528307084,0.00306201528307084,0.00306201528307084,0.00299836933050573,0.00299836933050573,0.00299836933050573,0.00299836933050573,0.00299836933050573,0.00299836933050573,0.00299836933050573,0.00299836933050573,0.00299836933050573,0.00299836933050573,0.00299836933050573,0.00299836933050573,0,0,0,0,0,0,0,0,0,0,0,0,0,0,0,0,0,0,0,0,0,0,0,0,0,0,0,0,0,0,0,0,0,0,0,0,0,0,0,0,0,0,0,0,0,0,0,0,0,0,0,0,0,0,0,0,0,0,0,0,0,0,0
"72",0,0,0,0,0,0,0,0,0,0,0,0,0,0,0,0,0,0,0,0,0,0,0,0,0,0,0,0,0,0,0,0,0,0,0,0,0,0,0,0,0,0,0,0,0,0,0,0.00568181818181818,0.00568181818181818,0.0113636363636364,0.00568181818181818,0.00568181818181818,0.00568181818181818,0.00568181818181818,0.00568181818181818,0.00568181818181818,0.00568181818181818,0.00568181818181818,0.00568181818181818,0,0,0,0,0,0,0,0,0.00218693283783949,0.00218693283783949,0.00218693283783949,0.00218693283783949,0.00220746786899378,0.00220746786899378,0.00220746786899378,0.00220746786899378,0.00222084079537094,0.00222084079537094,0.00222084079537094,0.00222084079537094,0.00303214124887081,0.00303214124887081,0.00303214124887081,0.00303214124887081,0.00303214124887081,0.00303214124887081,0.00303214124887081,0.00303214124887081,0.00306201528307084,0.00306201528307084,0.00306201528307084,0.00306201528307084,0.00299836933050573,0.00299836933050573,0.00299836933050573,0.00299836933050573,0.00299836933050573,0.00299836933050573,0.00299836933050573,0.00299836933050573,0.00299836933050573,0.00299836933050573,0.00299836933050573,0.00299836933050573,0,0,0,0,0,0,0,0,0,0,0,0,0,0,0,0,0,0,0,0,0,0,0,0,0,0,0,0,0,0,0,0,0,0,0,0,0,0,0,0,0,0,0,0,0,0,0,0,0,0,0,0,0,0,0,0,0,0,0,0,0,0,0
"73",0,0,0,0,0,0,0,0,0,0,0,0,0,0,0,0,0,0,0,0,0,0,0,0,0,0,0,0,0,0,0,0,0,0,0,0,0,0,0,0,0,0,0,0,0,0,0,0.00568181818181818,0.00568181818181818,0.00568181818181818,0.0113636363636364,0.00568181818181818,0.00568181818181818,0.00568181818181818,0.00568181818181818,0.00568181818181818,0.00568181818181818,0.00568181818181818,0.00568181818181818,0,0,0,0,0,0,0,0,0.00218693283783949,0.00218693283783949,0.00218693283783949,0.00218693283783949,0.00220746786899378,0.00220746786899378,0.00220746786899378,0.00220746786899378,0.00222084079537094,0.00222084079537094,0.00222084079537094,0.00222084079537094,0.00303214124887081,0.00303214124887081,0.00303214124887081,0.00303214124887081,0.00303214124887081,0.00303214124887081,0.00303214124887081,0.00303214124887081,0.00306201528307084,0.00306201528307084,0.00306201528307084,0.00306201528307084,0.00299836933050573,0.00299836933050573,0.00299836933050573,0.00299836933050573,0.00299836933050573,0.00299836933050573,0.00299836933050573,0.00299836933050573,0.00299836933050573,0.00299836933050573,0.00299836933050573,0.00299836933050573,0,0,0,0,0,0,0,0,0,0,0,0,0,0,0,0,0,0,0,0,0,0,0,0,0,0,0,0,0,0,0,0,0,0,0,0,0,0,0,0,0,0,0,0,0,0,0,0,0,0,0,0,0,0,0,0,0,0,0,0,0,0,0
"74",0,0,0,0,0,0,0,0,0,0,0,0,0,0,0,0,0,0,0,0,0,0,0,0,0,0,0,0,0,0,0,0,0,0,0,0,0,0,0,0,0,0,0,0,0,0,0,0.00568181818181818,0.00568181818181818,0.00568181818181818,0.00568181818181818,0.0113636363636364,0.00568181818181818,0.00568181818181818,0.00568181818181818,0.00568181818181818,0.00568181818181818,0.00568181818181818,0.00568181818181818,0,0,0,0,0,0,0,0,0.00218693283783949,0.00218693283783949,0.00218693283783949,0.00218693283783949,0.00220746786899378,0.00220746786899378,0.00220746786899378,0.00220746786899378,0.00222084079537094,0.00222084079537094,0.00222084079537094,0.00222084079537094,0.00303214124887081,0.00303214124887081,0.00303214124887081,0.00303214124887081,0.00303214124887081,0.00303214124887081,0.00303214124887081,0.00303214124887081,0.00306201528307084,0.00306201528307084,0.00306201528307084,0.00306201528307084,0.00299836933050573,0.00299836933050573,0.00299836933050573,0.00299836933050573,0.00299836933050573,0.00299836933050573,0.00299836933050573,0.00299836933050573,0.00299836933050573,0.00299836933050573,0.00299836933050573,0.00299836933050573,0,0,0,0,0,0,0,0,0,0,0,0,0,0,0,0,0,0,0,0,0,0,0,0,0,0,0,0,0,0,0,0,0,0,0,0,0,0,0,0,0,0,0,0,0,0,0,0,0,0,0,0,0,0,0,0,0,0,0,0,0,0,0
"75",0,0,0,0,0,0,0,0,0,0,0,0,0,0,0,0,0,0,0,0,0,0,0,0,0,0,0,0,0,0,0,0,0,0,0,0,0,0,0,0,0,0,0,0,0,0,0,0.00568181818181818,0.00568181818181818,0.00568181818181818,0.00568181818181818,0.00568181818181818,0.0113636363636364,0.00568181818181818,0.00568181818181818,0.00568181818181818,0.00568181818181818,0.00568181818181818,0.00568181818181818,0,0,0,0,0,0,0,0,0.00218693283783949,0.00218693283783949,0.00218693283783949,0.00218693283783949,0.00220746786899378,0.00220746786899378,0.00220746786899378,0.00220746786899378,0.00222084079537094,0.00222084079537094,0.00222084079537094,0.00222084079537094,0.00303214124887081,0.00303214124887081,0.00303214124887081,0.00303214124887081,0.00303214124887081,0.00303214124887081,0.00303214124887081,0.00303214124887081,0.00306201528307084,0.00306201528307084,0.00306201528307084,0.00306201528307084,0.00299836933050573,0.00299836933050573,0.00299836933050573,0.00299836933050573,0.00299836933050573,0.00299836933050573,0.00299836933050573,0.00299836933050573,0.00299836933050573,0.00299836933050573,0.00299836933050573,0.00299836933050573,0,0,0,0,0,0,0,0,0,0,0,0,0,0,0,0,0,0,0,0,0,0,0,0,0,0,0,0,0,0,0,0,0,0,0,0,0,0,0,0,0,0,0,0,0,0,0,0,0,0,0,0,0,0,0,0,0,0,0,0,0,0,0
"76",0,0,0,0,0,0,0,0,0,0,0,0,0,0,0,0,0,0,0,0,0,0,0,0,0,0,0,0,0,0,0,0,0,0,0,0,0,0,0,0,0,0,0,0,0,0,0,0.00568181818181818,0.00568181818181818,0.00568181818181818,0.00568181818181818,0.00568181818181818,0.00568181818181818,0.0113636363636364,0.00568181818181818,0.00568181818181818,0.00568181818181818,0.00568181818181818,0.00568181818181818,0,0,0,0,0,0,0,0,0.00218693283783949,0.00218693283783949,0.00218693283783949,0.00218693283783949,0.00220746786899378,0.00220746786899378,0.00220746786899378,0.00220746786899378,0.00222084079537094,0.00222084079537094,0.00222084079537094,0.00222084079537094,0.00303214124887081,0.00303214124887081,0.00303214124887081,0.00303214124887081,0.00303214124887081,0.00303214124887081,0.00303214124887081,0.00303214124887081,0.00306201528307084,0.00306201528307084,0.00306201528307084,0.00306201528307084,0.00299836933050573,0.00299836933050573,0.00299836933050573,0.00299836933050573,0.00299836933050573,0.00299836933050573,0.00299836933050573,0.00299836933050573,0.00299836933050573,0.00299836933050573,0.00299836933050573,0.00299836933050573,0,0,0,0,0,0,0,0,0,0,0,0,0,0,0,0,0,0,0,0,0,0,0,0,0,0,0,0,0,0,0,0,0,0,0,0,0,0,0,0,0,0,0,0,0,0,0,0,0,0,0,0,0,0,0,0,0,0,0,0,0,0,0
"77",0,0,0,0,0,0,0,0,0,0,0,0,0,0,0,0,0,0,0,0,0,0,0,0,0,0,0,0,0,0,0,0,0,0,0,0,0,0,0,0,0,0,0,0,0,0,0,0.00568181818181818,0.00568181818181818,0.00568181818181818,0.00568181818181818,0.00568181818181818,0.00568181818181818,0.00568181818181818,0.0113636363636364,0.00568181818181818,0.00568181818181818,0.00568181818181818,0.00568181818181818,0,0,0,0,0,0,0,0,0.00218693283783949,0.00218693283783949,0.00218693283783949,0.00218693283783949,0.00220746786899378,0.00220746786899378,0.00220746786899378,0.00220746786899378,0.00222084079537094,0.00222084079537094,0.00222084079537094,0.00222084079537094,0.00303214124887081,0.00303214124887081,0.00303214124887081,0.00303214124887081,0.00303214124887081,0.00303214124887081,0.00303214124887081,0.00303214124887081,0.00306201528307084,0.00306201528307084,0.00306201528307084,0.00306201528307084,0.00299836933050573,0.00299836933050573,0.00299836933050573,0.00299836933050573,0.00299836933050573,0.00299836933050573,0.00299836933050573,0.00299836933050573,0.00299836933050573,0.00299836933050573,0.00299836933050573,0.00299836933050573,0,0,0,0,0,0,0,0,0,0,0,0,0,0,0,0,0,0,0,0,0,0,0,0,0,0,0,0,0,0,0,0,0,0,0,0,0,0,0,0,0,0,0,0,0,0,0,0,0,0,0,0,0,0,0,0,0,0,0,0,0,0,0
"78",0,0,0,0,0,0,0,0,0,0,0,0,0,0,0,0,0,0,0,0,0,0,0,0,0,0,0,0,0,0,0,0,0,0,0,0,0,0,0,0,0,0,0,0,0,0,0,0.00568181818181818,0.00568181818181818,0.00568181818181818,0.00568181818181818,0.00568181818181818,0.00568181818181818,0.00568181818181818,0.00568181818181818,0.0113636363636364,0.00568181818181818,0.00568181818181818,0.00568181818181818,0,0,0,0,0,0,0,0,0.00218693283783949,0.00218693283783949,0.00218693283783949,0.00218693283783949,0.00220746786899378,0.00220746786899378,0.00220746786899378,0.00220746786899378,0.00222084079537094,0.00222084079537094,0.00222084079537094,0.00222084079537094,0.00303214124887081,0.00303214124887081,0.00303214124887081,0.00303214124887081,0.00303214124887081,0.00303214124887081,0.00303214124887081,0.00303214124887081,0.00306201528307084,0.00306201528307084,0.00306201528307084,0.00306201528307084,0.00299836933050573,0.00299836933050573,0.00299836933050573,0.00299836933050573,0.00299836933050573,0.00299836933050573,0.00299836933050573,0.00299836933050573,0.00299836933050573,0.00299836933050573,0.00299836933050573,0.00299836933050573,0,0,0,0,0,0,0,0,0,0,0,0,0,0,0,0,0,0,0,0,0,0,0,0,0,0,0,0,0,0,0,0,0,0,0,0,0,0,0,0,0,0,0,0,0,0,0,0,0,0,0,0,0,0,0,0,0,0,0,0,0,0,0
"79",0,0,0,0,0,0,0,0,0,0,0,0,0,0,0,0,0,0,0,0,0,0,0,0,0,0,0,0,0,0,0,0,0,0,0,0,0,0,0,0,0,0,0,0,0,0,0,0.00568181818181818,0.00568181818181818,0.00568181818181818,0.00568181818181818,0.00568181818181818,0.00568181818181818,0.00568181818181818,0.00568181818181818,0.00568181818181818,0.0113636363636364,0.00568181818181818,0.00568181818181818,0,0,0,0,0,0,0,0,0.00218693283783949,0.00218693283783949,0.00218693283783949,0.00218693283783949,0.00220746786899378,0.00220746786899378,0.00220746786899378,0.00220746786899378,0.00222084079537094,0.00222084079537094,0.00222084079537094,0.00222084079537094,0.00303214124887081,0.00303214124887081,0.00303214124887081,0.00303214124887081,0.00303214124887081,0.00303214124887081,0.00303214124887081,0.00303214124887081,0.00306201528307084,0.00306201528307084,0.00306201528307084,0.00306201528307084,0.00299836933050573,0.00299836933050573,0.00299836933050573,0.00299836933050573,0.00299836933050573,0.00299836933050573,0.00299836933050573,0.00299836933050573,0.00299836933050573,0.00299836933050573,0.00299836933050573,0.00299836933050573,0,0,0,0,0,0,0,0,0,0,0,0,0,0,0,0,0,0,0,0,0,0,0,0,0,0,0,0,0,0,0,0,0,0,0,0,0,0,0,0,0,0,0,0,0,0,0,0,0,0,0,0,0,0,0,0,0,0,0,0,0,0,0
"80",0,0,0,0,0,0,0,0,0,0,0,0,0,0,0,0,0,0,0,0,0,0,0,0,0,0,0,0,0,0,0,0,0,0,0,0,0,0,0,0,0,0,0,0,0,0,0,0.00568181818181818,0.00568181818181818,0.00568181818181818,0.00568181818181818,0.00568181818181818,0.00568181818181818,0.00568181818181818,0.00568181818181818,0.00568181818181818,0.00568181818181818,0.0113636363636364,0.00568181818181818,0,0,0,0,0,0,0,0,0.00218693283783949,0.00218693283783949,0.00218693283783949,0.00218693283783949,0.00220746786899378,0.00220746786899378,0.00220746786899378,0.00220746786899378,0.00222084079537094,0.00222084079537094,0.00222084079537094,0.00222084079537094,0.00303214124887081,0.00303214124887081,0.00303214124887081,0.00303214124887081,0.00303214124887081,0.00303214124887081,0.00303214124887081,0.00303214124887081,0.00306201528307084,0.00306201528307084,0.00306201528307084,0.00306201528307084,0.00299836933050573,0.00299836933050573,0.00299836933050573,0.00299836933050573,0.00299836933050573,0.00299836933050573,0.00299836933050573,0.00299836933050573,0.00299836933050573,0.00299836933050573,0.00299836933050573,0.00299836933050573,0,0,0,0,0,0,0,0,0,0,0,0,0,0,0,0,0,0,0,0,0,0,0,0,0,0,0,0,0,0,0,0,0,0,0,0,0,0,0,0,0,0,0,0,0,0,0,0,0,0,0,0,0,0,0,0,0,0,0,0,0,0,0
"81",0,0,0,0,0,0,0,0,0,0,0,0,0,0,0,0,0,0,0,0,0,0,0,0,0,0,0,0,0,0,0,0,0,0,0,0,0,0,0,0,0,0,0,0,0,0,0,0.00568181818181818,0.00568181818181818,0.00568181818181818,0.00568181818181818,0.00568181818181818,0.00568181818181818,0.00568181818181818,0.00568181818181818,0.00568181818181818,0.00568181818181818,0.00568181818181818,0.0113636363636364,0,0,0,0,0,0,0,0,0.00218693283783949,0.00218693283783949,0.00218693283783949,0.00218693283783949,0.00220746786899378,0.00220746786899378,0.00220746786899378,0.00220746786899378,0.00222084079537094,0.00222084079537094,0.00222084079537094,0.00222084079537094,0.00303214124887081,0.00303214124887081,0.00303214124887081,0.00303214124887081,0.00303214124887081,0.00303214124887081,0.00303214124887081,0.00303214124887081,0.00306201528307084,0.00306201528307084,0.00306201528307084,0.00306201528307084,0.00299836933050573,0.00299836933050573,0.00299836933050573,0.00299836933050573,0.00299836933050573,0.00299836933050573,0.00299836933050573,0.00299836933050573,0.00299836933050573,0.00299836933050573,0.00299836933050573,0.00299836933050573,0,0,0,0,0,0,0,0,0,0,0,0,0,0,0,0,0,0,0,0,0,0,0,0,0,0,0,0,0,0,0,0,0,0,0,0,0,0,0,0,0,0,0,0,0,0,0,0,0,0,0,0,0,0,0,0,0,0,0,0,0,0,0
"82",0,0,0,0,0,0,0,0,0,0,0,0,0,0,0,0,0,0,0,0,0,0,0,0,0,0,0,0,0,0,0,0,0,0,0,0,0,0,0,0,0,0,0,0,0,0,0,0,0,0,0,0,0,0,0,0,0,0,0,0.008,0.004,0,0,0,0,0,0,0,0,0,0,0,0,0,0,0,0,0,0,0,0,0,0,0,0,0,0,0,0,0,0,0,0,0,0,0,0,0,0,0,0,0,0,0,0,0,0,0,0,0,0,0,0,0,0,0,0,0,0,0,0,0,0,0,0,0,0,0,0,0,0,0,0,0,0,0,0,0,0,0,0,0,0,0,0,0,0,0,0,0,0,0,0,0,0,0,0,0,0,0,0,0,0,0,0,0
"83",0,0,0,0,0,0,0,0,0,0,0,0,0,0,0,0,0,0,0,0,0,0,0,0,0,0,0,0,0,0,0,0,0,0,0,0,0,0,0,0,0,0,0,0,0,0,0,0,0,0,0,0,0,0,0,0,0,0,0,0.004,0.008,0,0,0,0,0,0,0,0,0,0,0,0,0,0,0,0,0,0,0,0,0,0,0,0,0,0,0,0,0,0,0,0,0,0,0,0,0,0,0,0,0,0,0,0,0,0,0,0,0,0,0,0,0,0,0,0,0,0,0,0,0,0,0,0,0,0,0,0,0,0,0,0,0,0,0,0,0,0,0,0,0,0,0,0,0,0,0,0,0,0,0,0,0,0,0,0,0,0,0,0,0,0,0,0,0
"84",0,0,0,0,0,0,0,0,0,0,0,0,0,0.00446179656677451,0.00446179656677451,0.00486654018152381,0.00486654018152381,0,0,0,0,0,0,0,0,0,0,0,0,0.0117201807734624,0.0117201807734624,0.0117201807734624,0.0117201807734624,0.0117201807734624,0.0117201807734624,0,0,0,0,0,0,0,0,0,0,0,0,0,0,0,0,0,0,0,0,0,0,0,0,0,0,0.010989010989011,0.00549450549450549,0.00549450549450549,0.00549450549450549,0.00549450549450549,0.00549450549450549,0,0,0,0,0,0,0,0,0,0,0,0,0,0,0,0,0,0,0,0,0,0,0,0,0,0,0,0,0,0,0,0,0,0,0,0,0,0,0,0,0,0,0,0,0,0,0,0,0,0,0,0,0,0,0,0,0,0,0,0,0,0,0,0,0,0,0,0,0,0,0,0,0,0,0,0,0,0,0,0,0,0,0,0,0,0,0,0,0,0,0,0,0,0,0,0,0,0,0
"85",0,0,0,0,0,0,0,0,0,0,0,0,0,0.00446179656677451,0.00446179656677451,0.00486654018152381,0.00486654018152381,0,0,0,0,0,0,0,0,0,0,0,0,0.0117201807734624,0.0117201807734624,0.0117201807734624,0.0117201807734624,0.0117201807734624,0.0117201807734624,0,0,0,0,0,0,0,0,0,0,0,0,0,0,0,0,0,0,0,0,0,0,0,0,0,0,0.00549450549450549,0.010989010989011,0.00549450549450549,0.00549450549450549,0.00549450549450549,0.00549450549450549,0,0,0,0,0,0,0,0,0,0,0,0,0,0,0,0,0,0,0,0,0,0,0,0,0,0,0,0,0,0,0,0,0,0,0,0,0,0,0,0,0,0,0,0,0,0,0,0,0,0,0,0,0,0,0,0,0,0,0,0,0,0,0,0,0,0,0,0,0,0,0,0,0,0,0,0,0,0,0,0,0,0,0,0,0,0,0,0,0,0,0,0,0,0,0,0,0,0,0
"86",0,0,0,0,0,0,0,0,0,0,0,0,0,0.00446179656677451,0.00446179656677451,0.00486654018152381,0.00486654018152381,0,0,0,0,0,0,0,0,0,0,0,0,0.0117201807734624,0.0117201807734624,0.0117201807734624,0.0117201807734624,0.0117201807734624,0.0117201807734624,0,0,0,0,0,0,0,0,0,0,0,0,0,0,0,0,0,0,0,0,0,0,0,0,0,0,0.00549450549450549,0.00549450549450549,0.010989010989011,0.00549450549450549,0.00549450549450549,0.00549450549450549,0,0,0,0,0,0,0,0,0,0,0,0,0,0,0,0,0,0,0,0,0,0,0,0,0,0,0,0,0,0,0,0,0,0,0,0,0,0,0,0,0,0,0,0,0,0,0,0,0,0,0,0,0,0,0,0,0,0,0,0,0,0,0,0,0,0,0,0,0,0,0,0,0,0,0,0,0,0,0,0,0,0,0,0,0,0,0,0,0,0,0,0,0,0,0,0,0,0,0
"87",0,0,0,0,0,0,0,0,0,0,0,0,0,0.00446179656677451,0.00446179656677451,0.00486654018152381,0.00486654018152381,0,0,0,0,0,0,0,0,0,0,0,0,0.0117201807734624,0.0117201807734624,0.0117201807734624,0.0117201807734624,0.0117201807734624,0.0117201807734624,0,0,0,0,0,0,0,0,0,0,0,0,0,0,0,0,0,0,0,0,0,0,0,0,0,0,0.00549450549450549,0.00549450549450549,0.00549450549450549,0.010989010989011,0.00549450549450549,0.00549450549450549,0,0,0,0,0,0,0,0,0,0,0,0,0,0,0,0,0,0,0,0,0,0,0,0,0,0,0,0,0,0,0,0,0,0,0,0,0,0,0,0,0,0,0,0,0,0,0,0,0,0,0,0,0,0,0,0,0,0,0,0,0,0,0,0,0,0,0,0,0,0,0,0,0,0,0,0,0,0,0,0,0,0,0,0,0,0,0,0,0,0,0,0,0,0,0,0,0,0,0
"88",0,0,0,0,0,0,0,0,0,0,0,0,0,0.00446179656677451,0.00446179656677451,0.00486654018152381,0.00486654018152381,0,0,0,0,0,0,0,0,0,0,0,0,0.0117201807734624,0.0117201807734624,0.0117201807734624,0.0117201807734624,0.0117201807734624,0.0117201807734624,0,0,0,0,0,0,0,0,0,0,0,0,0,0,0,0,0,0,0,0,0,0,0,0,0,0,0.00549450549450549,0.00549450549450549,0.00549450549450549,0.00549450549450549,0.010989010989011,0.00549450549450549,0,0,0,0,0,0,0,0,0,0,0,0,0,0,0,0,0,0,0,0,0,0,0,0,0,0,0,0,0,0,0,0,0,0,0,0,0,0,0,0,0,0,0,0,0,0,0,0,0,0,0,0,0,0,0,0,0,0,0,0,0,0,0,0,0,0,0,0,0,0,0,0,0,0,0,0,0,0,0,0,0,0,0,0,0,0,0,0,0,0,0,0,0,0,0,0,0,0,0
"89",0,0,0,0,0,0,0,0,0,0,0,0,0,0.00446179656677451,0.00446179656677451,0.00486654018152381,0.00486654018152381,0,0,0,0,0,0,0,0,0,0,0,0,0.0117201807734624,0.0117201807734624,0.0117201807734624,0.0117201807734624,0.0117201807734624,0.0117201807734624,0,0,0,0,0,0,0,0,0,0,0,0,0,0,0,0,0,0,0,0,0,0,0,0,0,0,0.00549450549450549,0.00549450549450549,0.00549450549450549,0.00549450549450549,0.00549450549450549,0.010989010989011,0,0,0,0,0,0,0,0,0,0,0,0,0,0,0,0,0,0,0,0,0,0,0,0,0,0,0,0,0,0,0,0,0,0,0,0,0,0,0,0,0,0,0,0,0,0,0,0,0,0,0,0,0,0,0,0,0,0,0,0,0,0,0,0,0,0,0,0,0,0,0,0,0,0,0,0,0,0,0,0,0,0,0,0,0,0,0,0,0,0,0,0,0,0,0,0,0,0,0
"90",0,0,0,0,0,0,0,0,0,0,0,0,0,0,0,0,0,0,0,0,0,0,0,0,0,0,0,0,0,0,0,0,0,0,0,0,0,0,0,0,0,0,0,0,0,0,0,0.00218693283783949,0.00218693283783949,0.00218693283783949,0.00218693283783949,0.00218693283783949,0.00218693283783949,0.00218693283783949,0.00218693283783949,0.00218693283783949,0.00218693283783949,0.00218693283783949,0.00218693283783949,0,0,0,0,0,0,0,0,0.00168350168350168,0.000841750841750842,0.000841750841750842,0.000841750841750842,0.00084965477892734,0.00084965477892734,0.00084965477892734,0.00084965477892734,0.000854802020689811,0.000854802020689811,0.000854802020689811,0.000854802020689811,0.00116707171083769,0.00116707171083769,0.00116707171083769,0.00116707171083769,0.00116707171083769,0.00116707171083769,0.00116707171083769,0.00116707171083769,0.00117857023196246,0.00117857023196246,0.00117857023196246,0.00117857023196246,0.00115407289339827,0.00115407289339827,0.00115407289339827,0.00115407289339827,0.00115407289339827,0.00115407289339827,0.00115407289339827,0.00115407289339827,0.00115407289339827,0.00115407289339827,0.00115407289339827,0.00115407289339827,0,0,0,0,0,0,0,0,0,0,0,0,0,0,0,0,0,0,0,0,0,0,0,0,0,0,0,0,0,0,0,0,0,0,0,0,0,0,0,0,0,0,0,0,0,0,0,0,0,0,0,0,0,0,0,0,0,0,0,0,0,0,0
"91",0,0,0,0,0,0,0,0,0,0,0,0,0,0,0,0,0,0,0,0,0,0,0,0,0,0,0,0,0,0,0,0,0,0,0,0,0,0,0,0,0,0,0,0,0,0,0,0.00218693283783949,0.00218693283783949,0.00218693283783949,0.00218693283783949,0.00218693283783949,0.00218693283783949,0.00218693283783949,0.00218693283783949,0.00218693283783949,0.00218693283783949,0.00218693283783949,0.00218693283783949,0,0,0,0,0,0,0,0,0.000841750841750842,0.00168350168350168,0.000841750841750842,0.000841750841750842,0.00084965477892734,0.00084965477892734,0.00084965477892734,0.00084965477892734,0.000854802020689811,0.000854802020689811,0.000854802020689811,0.000854802020689811,0.00116707171083769,0.00116707171083769,0.00116707171083769,0.00116707171083769,0.00116707171083769,0.00116707171083769,0.00116707171083769,0.00116707171083769,0.00117857023196246,0.00117857023196246,0.00117857023196246,0.00117857023196246,0.00115407289339827,0.00115407289339827,0.00115407289339827,0.00115407289339827,0.00115407289339827,0.00115407289339827,0.00115407289339827,0.00115407289339827,0.00115407289339827,0.00115407289339827,0.00115407289339827,0.00115407289339827,0,0,0,0,0,0,0,0,0,0,0,0,0,0,0,0,0,0,0,0,0,0,0,0,0,0,0,0,0,0,0,0,0,0,0,0,0,0,0,0,0,0,0,0,0,0,0,0,0,0,0,0,0,0,0,0,0,0,0,0,0,0,0
"92",0,0,0,0,0,0,0,0,0,0,0,0,0,0,0,0,0,0,0,0,0,0,0,0,0,0,0,0,0,0,0,0,0,0,0,0,0,0,0,0,0,0,0,0,0,0,0,0.00218693283783949,0.00218693283783949,0.00218693283783949,0.00218693283783949,0.00218693283783949,0.00218693283783949,0.00218693283783949,0.00218693283783949,0.00218693283783949,0.00218693283783949,0.00218693283783949,0.00218693283783949,0,0,0,0,0,0,0,0,0.000841750841750842,0.000841750841750842,0.00168350168350168,0.000841750841750842,0.00084965477892734,0.00084965477892734,0.00084965477892734,0.00084965477892734,0.000854802020689811,0.000854802020689811,0.000854802020689811,0.000854802020689811,0.00116707171083769,0.00116707171083769,0.00116707171083769,0.00116707171083769,0.00116707171083769,0.00116707171083769,0.00116707171083769,0.00116707171083769,0.00117857023196246,0.00117857023196246,0.00117857023196246,0.00117857023196246,0.00115407289339827,0.00115407289339827,0.00115407289339827,0.00115407289339827,0.00115407289339827,0.00115407289339827,0.00115407289339827,0.00115407289339827,0.00115407289339827,0.00115407289339827,0.00115407289339827,0.00115407289339827,0,0,0,0,0,0,0,0,0,0,0,0,0,0,0,0,0,0,0,0,0,0,0,0,0,0,0,0,0,0,0,0,0,0,0,0,0,0,0,0,0,0,0,0,0,0,0,0,0,0,0,0,0,0,0,0,0,0,0,0,0,0,0
"93",0,0,0,0,0,0,0,0,0,0,0,0,0,0,0,0,0,0,0,0,0,0,0,0,0,0,0,0,0,0,0,0,0,0,0,0,0,0,0,0,0,0,0,0,0,0,0,0.00218693283783949,0.00218693283783949,0.00218693283783949,0.00218693283783949,0.00218693283783949,0.00218693283783949,0.00218693283783949,0.00218693283783949,0.00218693283783949,0.00218693283783949,0.00218693283783949,0.00218693283783949,0,0,0,0,0,0,0,0,0.000841750841750842,0.000841750841750842,0.000841750841750842,0.00168350168350168,0.00084965477892734,0.00084965477892734,0.00084965477892734,0.00084965477892734,0.000854802020689811,0.000854802020689811,0.000854802020689811,0.000854802020689811,0.00116707171083769,0.00116707171083769,0.00116707171083769,0.00116707171083769,0.00116707171083769,0.00116707171083769,0.00116707171083769,0.00116707171083769,0.00117857023196246,0.00117857023196246,0.00117857023196246,0.00117857023196246,0.00115407289339827,0.00115407289339827,0.00115407289339827,0.00115407289339827,0.00115407289339827,0.00115407289339827,0.00115407289339827,0.00115407289339827,0.00115407289339827,0.00115407289339827,0.00115407289339827,0.00115407289339827,0,0,0,0,0,0,0,0,0,0,0,0,0,0,0,0,0,0,0,0,0,0,0,0,0,0,0,0,0,0,0,0,0,0,0,0,0,0,0,0,0,0,0,0,0,0,0,0,0,0,0,0,0,0,0,0,0,0,0,0,0,0,0
"94",0,0,0,0,0,0,0,0,0,0,0,0,0,0,0,0,0,0,0,0,0,0,0,0,0,0,0,0,0,0,0,0,0,0,0,0,0,0,0,0,0,0,0,0,0,0,0,0.00220746786899378,0.00220746786899378,0.00220746786899378,0.00220746786899378,0.00220746786899378,0.00220746786899378,0.00220746786899378,0.00220746786899378,0.00220746786899378,0.00220746786899378,0.00220746786899378,0.00220746786899378,0,0,0,0,0,0,0,0,0.00084965477892734,0.00084965477892734,0.00084965477892734,0.00084965477892734,0.00171526586620926,0.000857632933104631,0.000857632933104631,0.000857632933104631,0.000862828506836023,0.000862828506836023,0.000862828506836023,0.000862828506836023,0.00117803037107941,0.00117803037107941,0.00117803037107941,0.00117803037107941,0.00117803037107941,0.00117803037107941,0.00117803037107941,0.00117803037107941,0.00118963686190743,0.00118963686190743,0.00118963686190743,0.00118963686190743,0.00116490949633833,0.00116490949633833,0.00116490949633833,0.00116490949633833,0.00116490949633833,0.00116490949633833,0.00116490949633833,0.00116490949633833,0.00116490949633833,0.00116490949633833,0.00116490949633833,0.00116490949633833,0,0,0,0,0,0,0,0,0,0,0,0,0,0,0,0,0,0,0,0,0,0,0,0,0,0,0,0,0,0,0,0,0,0,0,0,0,0,0,0,0,0,0,0,0,0,0,0,0,0,0,0,0,0,0,0,0,0,0,0,0,0,0
"95",0,0,0,0,0,0,0,0,0,0,0,0,0,0,0,0,0,0,0,0,0,0,0,0,0,0,0,0,0,0,0,0,0,0,0,0,0,0,0,0,0,0,0,0,0,0,0,0.00220746786899378,0.00220746786899378,0.00220746786899378,0.00220746786899378,0.00220746786899378,0.00220746786899378,0.00220746786899378,0.00220746786899378,0.00220746786899378,0.00220746786899378,0.00220746786899378,0.00220746786899378,0,0,0,0,0,0,0,0,0.00084965477892734,0.00084965477892734,0.00084965477892734,0.00084965477892734,0.000857632933104631,0.00171526586620926,0.000857632933104631,0.000857632933104631,0.000862828506836023,0.000862828506836023,0.000862828506836023,0.000862828506836023,0.00117803037107941,0.00117803037107941,0.00117803037107941,0.00117803037107941,0.00117803037107941,0.00117803037107941,0.00117803037107941,0.00117803037107941,0.00118963686190743,0.00118963686190743,0.00118963686190743,0.00118963686190743,0.00116490949633833,0.00116490949633833,0.00116490949633833,0.00116490949633833,0.00116490949633833,0.00116490949633833,0.00116490949633833,0.00116490949633833,0.00116490949633833,0.00116490949633833,0.00116490949633833,0.00116490949633833,0,0,0,0,0,0,0,0,0,0,0,0,0,0,0,0,0,0,0,0,0,0,0,0,0,0,0,0,0,0,0,0,0,0,0,0,0,0,0,0,0,0,0,0,0,0,0,0,0,0,0,0,0,0,0,0,0,0,0,0,0,0,0
"96",0,0,0,0,0,0,0,0,0,0,0,0,0,0,0,0,0,0,0,0,0,0,0,0,0,0,0,0,0,0,0,0,0,0,0,0,0,0,0,0,0,0,0,0,0,0,0,0.00220746786899378,0.00220746786899378,0.00220746786899378,0.00220746786899378,0.00220746786899378,0.00220746786899378,0.00220746786899378,0.00220746786899378,0.00220746786899378,0.00220746786899378,0.00220746786899378,0.00220746786899378,0,0,0,0,0,0,0,0,0.00084965477892734,0.00084965477892734,0.00084965477892734,0.00084965477892734,0.000857632933104631,0.000857632933104631,0.00171526586620926,0.000857632933104631,0.000862828506836023,0.000862828506836023,0.000862828506836023,0.000862828506836023,0.00117803037107941,0.00117803037107941,0.00117803037107941,0.00117803037107941,0.00117803037107941,0.00117803037107941,0.00117803037107941,0.00117803037107941,0.00118963686190743,0.00118963686190743,0.00118963686190743,0.00118963686190743,0.00116490949633833,0.00116490949633833,0.00116490949633833,0.00116490949633833,0.00116490949633833,0.00116490949633833,0.00116490949633833,0.00116490949633833,0.00116490949633833,0.00116490949633833,0.00116490949633833,0.00116490949633833,0,0,0,0,0,0,0,0,0,0,0,0,0,0,0,0,0,0,0,0,0,0,0,0,0,0,0,0,0,0,0,0,0,0,0,0,0,0,0,0,0,0,0,0,0,0,0,0,0,0,0,0,0,0,0,0,0,0,0,0,0,0,0
"97",0,0,0,0,0,0,0,0,0,0,0,0,0,0,0,0,0,0,0,0,0,0,0,0,0,0,0,0,0,0,0,0,0,0,0,0,0,0,0,0,0,0,0,0,0,0,0,0.00220746786899378,0.00220746786899378,0.00220746786899378,0.00220746786899378,0.00220746786899378,0.00220746786899378,0.00220746786899378,0.00220746786899378,0.00220746786899378,0.00220746786899378,0.00220746786899378,0.00220746786899378,0,0,0,0,0,0,0,0,0.00084965477892734,0.00084965477892734,0.00084965477892734,0.00084965477892734,0.000857632933104631,0.000857632933104631,0.000857632933104631,0.00171526586620926,0.000862828506836023,0.000862828506836023,0.000862828506836023,0.000862828506836023,0.00117803037107941,0.00117803037107941,0.00117803037107941,0.00117803037107941,0.00117803037107941,0.00117803037107941,0.00117803037107941,0.00117803037107941,0.00118963686190743,0.00118963686190743,0.00118963686190743,0.00118963686190743,0.00116490949633833,0.00116490949633833,0.00116490949633833,0.00116490949633833,0.00116490949633833,0.00116490949633833,0.00116490949633833,0.00116490949633833,0.00116490949633833,0.00116490949633833,0.00116490949633833,0.00116490949633833,0,0,0,0,0,0,0,0,0,0,0,0,0,0,0,0,0,0,0,0,0,0,0,0,0,0,0,0,0,0,0,0,0,0,0,0,0,0,0,0,0,0,0,0,0,0,0,0,0,0,0,0,0,0,0,0,0,0,0,0,0,0,0
"98",0,0,0,0,0,0,0,0,0,0,0,0,0,0,0,0,0,0,0,0,0,0,0,0,0,0,0,0,0,0,0,0,0,0,0,0,0,0,0,0,0,0,0,0,0,0,0,0.00222084079537094,0.00222084079537094,0.00222084079537094,0.00222084079537094,0.00222084079537094,0.00222084079537094,0.00222084079537094,0.00222084079537094,0.00222084079537094,0.00222084079537094,0.00222084079537094,0.00222084079537094,0,0,0,0,0,0,0,0,0.000854802020689811,0.000854802020689811,0.000854802020689811,0.000854802020689811,0.000862828506836023,0.000862828506836023,0.000862828506836023,0.000862828506836023,0.00173611111111111,0.000868055555555556,0.000868055555555556,0.000868055555555556,0.0011851669249762,0.0011851669249762,0.0011851669249762,0.0011851669249762,0.0011851669249762,0.0011851669249762,0.0011851669249762,0.0011851669249762,0.00119684372837797,0.00119684372837797,0.00119684372837797,0.00119684372837797,0.00117196656346461,0.00117196656346461,0.00117196656346461,0.00117196656346461,0.00117196656346461,0.00117196656346461,0.00117196656346461,0.00117196656346461,0.00117196656346461,0.00117196656346461,0.00117196656346461,0.00117196656346461,0,0,0,0,0,0,0,0,0,0,0,0,0,0,0,0,0,0,0,0,0,0,0,0,0,0,0,0,0,0,0,0,0,0,0,0,0,0,0,0,0,0,0,0,0,0,0,0,0,0,0,0,0,0,0,0,0,0,0,0,0,0,0
"99",0,0,0,0,0,0,0,0,0,0,0,0,0,0,0,0,0,0,0,0,0,0,0,0,0,0,0,0,0,0,0,0,0,0,0,0,0,0,0,0,0,0,0,0,0,0,0,0.00222084079537094,0.00222084079537094,0.00222084079537094,0.00222084079537094,0.00222084079537094,0.00222084079537094,0.00222084079537094,0.00222084079537094,0.00222084079537094,0.00222084079537094,0.00222084079537094,0.00222084079537094,0,0,0,0,0,0,0,0,0.000854802020689811,0.000854802020689811,0.000854802020689811,0.000854802020689811,0.000862828506836023,0.000862828506836023,0.000862828506836023,0.000862828506836023,0.000868055555555556,0.00173611111111111,0.000868055555555556,0.000868055555555556,0.0011851669249762,0.0011851669249762,0.0011851669249762,0.0011851669249762,0.0011851669249762,0.0011851669249762,0.0011851669249762,0.0011851669249762,0.00119684372837797,0.00119684372837797,0.00119684372837797,0.00119684372837797,0.00117196656346461,0.00117196656346461,0.00117196656346461,0.00117196656346461,0.00117196656346461,0.00117196656346461,0.00117196656346461,0.00117196656346461,0.00117196656346461,0.00117196656346461,0.00117196656346461,0.00117196656346461,0,0,0,0,0,0,0,0,0,0,0,0,0,0,0,0,0,0,0,0,0,0,0,0,0,0,0,0,0,0,0,0,0,0,0,0,0,0,0,0,0,0,0,0,0,0,0,0,0,0,0,0,0,0,0,0,0,0,0,0,0,0,0
"100",0,0,0,0,0,0,0,0,0,0,0,0,0,0,0,0,0,0,0,0,0,0,0,0,0,0,0,0,0,0,0,0,0,0,0,0,0,0,0,0,0,0,0,0,0,0,0,0.00222084079537094,0.00222084079537094,0.00222084079537094,0.00222084079537094,0.00222084079537094,0.00222084079537094,0.00222084079537094,0.00222084079537094,0.00222084079537094,0.00222084079537094,0.00222084079537094,0.00222084079537094,0,0,0,0,0,0,0,0,0.000854802020689811,0.000854802020689811,0.000854802020689811,0.000854802020689811,0.000862828506836023,0.000862828506836023,0.000862828506836023,0.000862828506836023,0.000868055555555556,0.000868055555555556,0.00173611111111111,0.000868055555555556,0.0011851669249762,0.0011851669249762,0.0011851669249762,0.0011851669249762,0.0011851669249762,0.0011851669249762,0.0011851669249762,0.0011851669249762,0.00119684372837797,0.00119684372837797,0.00119684372837797,0.00119684372837797,0.00117196656346461,0.00117196656346461,0.00117196656346461,0.00117196656346461,0.00117196656346461,0.00117196656346461,0.00117196656346461,0.00117196656346461,0.00117196656346461,0.00117196656346461,0.00117196656346461,0.00117196656346461,0,0,0,0,0,0,0,0,0,0,0,0,0,0,0,0,0,0,0,0,0,0,0,0,0,0,0,0,0,0,0,0,0,0,0,0,0,0,0,0,0,0,0,0,0,0,0,0,0,0,0,0,0,0,0,0,0,0,0,0,0,0,0
"101",0,0,0,0,0,0,0,0,0,0,0,0,0,0,0,0,0,0,0,0,0,0,0,0,0,0,0,0,0,0,0,0,0,0,0,0,0,0,0,0,0,0,0,0,0,0,0,0.00222084079537094,0.00222084079537094,0.00222084079537094,0.00222084079537094,0.00222084079537094,0.00222084079537094,0.00222084079537094,0.00222084079537094,0.00222084079537094,0.00222084079537094,0.00222084079537094,0.00222084079537094,0,0,0,0,0,0,0,0,0.000854802020689811,0.000854802020689811,0.000854802020689811,0.000854802020689811,0.000862828506836023,0.000862828506836023,0.000862828506836023,0.000862828506836023,0.000868055555555556,0.000868055555555556,0.000868055555555556,0.00173611111111111,0.0011851669249762,0.0011851669249762,0.0011851669249762,0.0011851669249762,0.0011851669249762,0.0011851669249762,0.0011851669249762,0.0011851669249762,0.00119684372837797,0.00119684372837797,0.00119684372837797,0.00119684372837797,0.00117196656346461,0.00117196656346461,0.00117196656346461,0.00117196656346461,0.00117196656346461,0.00117196656346461,0.00117196656346461,0.00117196656346461,0.00117196656346461,0.00117196656346461,0.00117196656346461,0.00117196656346461,0,0,0,0,0,0,0,0,0,0,0,0,0,0,0,0,0,0,0,0,0,0,0,0,0,0,0,0,0,0,0,0,0,0,0,0,0,0,0,0,0,0,0,0,0,0,0,0,0,0,0,0,0,0,0,0,0,0,0,0,0,0,0
"102",0,0,0,0,0,0,0,0,0,0,0,0,0,0,0,0,0,0,0,0,0,0,0,0,0,0,0,0,0,0,0,0,0,0,0,0,0,0,0,0,0,0,0,0,0,0,0,0.00303214124887081,0.00303214124887081,0.00303214124887081,0.00303214124887081,0.00303214124887081,0.00303214124887081,0.00303214124887081,0.00303214124887081,0.00303214124887081,0.00303214124887081,0.00303214124887081,0.00303214124887081,0,0,0,0,0,0,0,0,0.00116707171083769,0.00116707171083769,0.00116707171083769,0.00116707171083769,0.00117803037107941,0.00117803037107941,0.00117803037107941,0.00117803037107941,0.0011851669249762,0.0011851669249762,0.0011851669249762,0.0011851669249762,0.00323624595469256,0.00161812297734628,0.00161812297734628,0.00161812297734628,0.00161812297734628,0.00161812297734628,0.00161812297734628,0.00161812297734628,0.00163406546062706,0.00163406546062706,0.00163406546062706,0.00163406546062706,0.0016001003614421,0.0016001003614421,0.0016001003614421,0.0016001003614421,0.0016001003614421,0.0016001003614421,0.0016001003614421,0.0016001003614421,0.0016001003614421,0.0016001003614421,0.0016001003614421,0.0016001003614421,0,0,0,0,0,0,0,0,0,0,0,0,0,0,0,0,0,0,0,0,0,0,0,0,0,0,0,0,0,0,0,0,0,0,0,0,0,0,0,0,0,0,0,0,0,0,0,0,0,0,0,0,0,0,0,0,0,0,0,0,0,0,0
"103",0,0,0,0,0,0,0,0,0,0,0,0,0,0,0,0,0,0,0,0,0,0,0,0,0,0,0,0,0,0,0,0,0,0,0,0,0,0,0,0,0,0,0,0,0,0,0,0.00303214124887081,0.00303214124887081,0.00303214124887081,0.00303214124887081,0.00303214124887081,0.00303214124887081,0.00303214124887081,0.00303214124887081,0.00303214124887081,0.00303214124887081,0.00303214124887081,0.00303214124887081,0,0,0,0,0,0,0,0,0.00116707171083769,0.00116707171083769,0.00116707171083769,0.00116707171083769,0.00117803037107941,0.00117803037107941,0.00117803037107941,0.00117803037107941,0.0011851669249762,0.0011851669249762,0.0011851669249762,0.0011851669249762,0.00161812297734628,0.00323624595469256,0.00161812297734628,0.00161812297734628,0.00161812297734628,0.00161812297734628,0.00161812297734628,0.00161812297734628,0.00163406546062706,0.00163406546062706,0.00163406546062706,0.00163406546062706,0.0016001003614421,0.0016001003614421,0.0016001003614421,0.0016001003614421,0.0016001003614421,0.0016001003614421,0.0016001003614421,0.0016001003614421,0.0016001003614421,0.0016001003614421,0.0016001003614421,0.0016001003614421,0,0,0,0,0,0,0,0,0,0,0,0,0,0,0,0,0,0,0,0,0,0,0,0,0,0,0,0,0,0,0,0,0,0,0,0,0,0,0,0,0,0,0,0,0,0,0,0,0,0,0,0,0,0,0,0,0,0,0,0,0,0,0
"104",0,0,0,0,0,0,0,0,0,0,0,0,0,0,0,0,0,0,0,0,0,0,0,0,0,0,0,0,0,0,0,0,0,0,0,0,0,0,0,0,0,0,0,0,0,0,0,0.00303214124887081,0.00303214124887081,0.00303214124887081,0.00303214124887081,0.00303214124887081,0.00303214124887081,0.00303214124887081,0.00303214124887081,0.00303214124887081,0.00303214124887081,0.00303214124887081,0.00303214124887081,0,0,0,0,0,0,0,0,0.00116707171083769,0.00116707171083769,0.00116707171083769,0.00116707171083769,0.00117803037107941,0.00117803037107941,0.00117803037107941,0.00117803037107941,0.0011851669249762,0.0011851669249762,0.0011851669249762,0.0011851669249762,0.00161812297734628,0.00161812297734628,0.00323624595469256,0.00161812297734628,0.00161812297734628,0.00161812297734628,0.00161812297734628,0.00161812297734628,0.00163406546062706,0.00163406546062706,0.00163406546062706,0.00163406546062706,0.0016001003614421,0.0016001003614421,0.0016001003614421,0.0016001003614421,0.0016001003614421,0.0016001003614421,0.0016001003614421,0.0016001003614421,0.0016001003614421,0.0016001003614421,0.0016001003614421,0.0016001003614421,0,0,0,0,0,0,0,0,0,0,0,0,0,0,0,0,0,0,0,0,0,0,0,0,0,0,0,0,0,0,0,0,0,0,0,0,0,0,0,0,0,0,0,0,0,0,0,0,0,0,0,0,0,0,0,0,0,0,0,0,0,0,0
"105",0,0,0,0,0,0,0,0,0,0,0,0,0,0,0,0,0,0,0,0,0,0,0,0,0,0,0,0,0,0,0,0,0,0,0,0,0,0,0,0,0,0,0,0,0,0,0,0.00303214124887081,0.00303214124887081,0.00303214124887081,0.00303214124887081,0.00303214124887081,0.00303214124887081,0.00303214124887081,0.00303214124887081,0.00303214124887081,0.00303214124887081,0.00303214124887081,0.00303214124887081,0,0,0,0,0,0,0,0,0.00116707171083769,0.00116707171083769,0.00116707171083769,0.00116707171083769,0.00117803037107941,0.00117803037107941,0.00117803037107941,0.00117803037107941,0.0011851669249762,0.0011851669249762,0.0011851669249762,0.0011851669249762,0.00161812297734628,0.00161812297734628,0.00161812297734628,0.00323624595469256,0.00161812297734628,0.00161812297734628,0.00161812297734628,0.00161812297734628,0.00163406546062706,0.00163406546062706,0.00163406546062706,0.00163406546062706,0.0016001003614421,0.0016001003614421,0.0016001003614421,0.0016001003614421,0.0016001003614421,0.0016001003614421,0.0016001003614421,0.0016001003614421,0.0016001003614421,0.0016001003614421,0.0016001003614421,0.0016001003614421,0,0,0,0,0,0,0,0,0,0,0,0,0,0,0,0,0,0,0,0,0,0,0,0,0,0,0,0,0,0,0,0,0,0,0,0,0,0,0,0,0,0,0,0,0,0,0,0,0,0,0,0,0,0,0,0,0,0,0,0,0,0,0
"106",0,0,0,0,0,0,0,0,0,0,0,0,0,0,0,0,0,0,0,0,0,0,0,0,0,0,0,0,0,0,0,0,0,0,0,0,0,0,0,0,0,0,0,0,0,0,0,0.00303214124887081,0.00303214124887081,0.00303214124887081,0.00303214124887081,0.00303214124887081,0.00303214124887081,0.00303214124887081,0.00303214124887081,0.00303214124887081,0.00303214124887081,0.00303214124887081,0.00303214124887081,0,0,0,0,0,0,0,0,0.00116707171083769,0.00116707171083769,0.00116707171083769,0.00116707171083769,0.00117803037107941,0.00117803037107941,0.00117803037107941,0.00117803037107941,0.0011851669249762,0.0011851669249762,0.0011851669249762,0.0011851669249762,0.00161812297734628,0.00161812297734628,0.00161812297734628,0.00161812297734628,0.00323624595469256,0.00161812297734628,0.00161812297734628,0.00161812297734628,0.00163406546062706,0.00163406546062706,0.00163406546062706,0.00163406546062706,0.0016001003614421,0.0016001003614421,0.0016001003614421,0.0016001003614421,0.0016001003614421,0.0016001003614421,0.0016001003614421,0.0016001003614421,0.0016001003614421,0.0016001003614421,0.0016001003614421,0.0016001003614421,0,0,0,0,0,0,0,0,0,0,0,0,0,0,0,0,0,0,0,0,0,0,0,0,0,0,0,0,0,0,0,0,0,0,0,0,0,0,0,0,0,0,0,0,0,0,0,0,0,0,0,0,0,0,0,0,0,0,0,0,0,0,0
"107",0,0,0,0,0,0,0,0,0,0,0,0,0,0,0,0,0,0,0,0,0,0,0,0,0,0,0,0,0,0,0,0,0,0,0,0,0,0,0,0,0,0,0,0,0,0,0,0.00303214124887081,0.00303214124887081,0.00303214124887081,0.00303214124887081,0.00303214124887081,0.00303214124887081,0.00303214124887081,0.00303214124887081,0.00303214124887081,0.00303214124887081,0.00303214124887081,0.00303214124887081,0,0,0,0,0,0,0,0,0.00116707171083769,0.00116707171083769,0.00116707171083769,0.00116707171083769,0.00117803037107941,0.00117803037107941,0.00117803037107941,0.00117803037107941,0.0011851669249762,0.0011851669249762,0.0011851669249762,0.0011851669249762,0.00161812297734628,0.00161812297734628,0.00161812297734628,0.00161812297734628,0.00161812297734628,0.00323624595469256,0.00161812297734628,0.00161812297734628,0.00163406546062706,0.00163406546062706,0.00163406546062706,0.00163406546062706,0.0016001003614421,0.0016001003614421,0.0016001003614421,0.0016001003614421,0.0016001003614421,0.0016001003614421,0.0016001003614421,0.0016001003614421,0.0016001003614421,0.0016001003614421,0.0016001003614421,0.0016001003614421,0,0,0,0,0,0,0,0,0,0,0,0,0,0,0,0,0,0,0,0,0,0,0,0,0,0,0,0,0,0,0,0,0,0,0,0,0,0,0,0,0,0,0,0,0,0,0,0,0,0,0,0,0,0,0,0,0,0,0,0,0,0,0
"108",0,0,0,0,0,0,0,0,0,0,0,0,0,0,0,0,0,0,0,0,0,0,0,0,0,0,0,0,0,0,0,0,0,0,0,0,0,0,0,0,0,0,0,0,0,0,0,0.00303214124887081,0.00303214124887081,0.00303214124887081,0.00303214124887081,0.00303214124887081,0.00303214124887081,0.00303214124887081,0.00303214124887081,0.00303214124887081,0.00303214124887081,0.00303214124887081,0.00303214124887081,0,0,0,0,0,0,0,0,0.00116707171083769,0.00116707171083769,0.00116707171083769,0.00116707171083769,0.00117803037107941,0.00117803037107941,0.00117803037107941,0.00117803037107941,0.0011851669249762,0.0011851669249762,0.0011851669249762,0.0011851669249762,0.00161812297734628,0.00161812297734628,0.00161812297734628,0.00161812297734628,0.00161812297734628,0.00161812297734628,0.00323624595469256,0.00161812297734628,0.00163406546062706,0.00163406546062706,0.00163406546062706,0.00163406546062706,0.0016001003614421,0.0016001003614421,0.0016001003614421,0.0016001003614421,0.0016001003614421,0.0016001003614421,0.0016001003614421,0.0016001003614421,0.0016001003614421,0.0016001003614421,0.0016001003614421,0.0016001003614421,0,0,0,0,0,0,0,0,0,0,0,0,0,0,0,0,0,0,0,0,0,0,0,0,0,0,0,0,0,0,0,0,0,0,0,0,0,0,0,0,0,0,0,0,0,0,0,0,0,0,0,0,0,0,0,0,0,0,0,0,0,0,0
"109",0,0,0,0,0,0,0,0,0,0,0,0,0,0,0,0,0,0,0,0,0,0,0,0,0,0,0,0,0,0,0,0,0,0,0,0,0,0,0,0,0,0,0,0,0,0,0,0.00303214124887081,0.00303214124887081,0.00303214124887081,0.00303214124887081,0.00303214124887081,0.00303214124887081,0.00303214124887081,0.00303214124887081,0.00303214124887081,0.00303214124887081,0.00303214124887081,0.00303214124887081,0,0,0,0,0,0,0,0,0.00116707171083769,0.00116707171083769,0.00116707171083769,0.00116707171083769,0.00117803037107941,0.00117803037107941,0.00117803037107941,0.00117803037107941,0.0011851669249762,0.0011851669249762,0.0011851669249762,0.0011851669249762,0.00161812297734628,0.00161812297734628,0.00161812297734628,0.00161812297734628,0.00161812297734628,0.00161812297734628,0.00161812297734628,0.00323624595469256,0.00163406546062706,0.00163406546062706,0.00163406546062706,0.00163406546062706,0.0016001003614421,0.0016001003614421,0.0016001003614421,0.0016001003614421,0.0016001003614421,0.0016001003614421,0.0016001003614421,0.0016001003614421,0.0016001003614421,0.0016001003614421,0.0016001003614421,0.0016001003614421,0,0,0,0,0,0,0,0,0,0,0,0,0,0,0,0,0,0,0,0,0,0,0,0,0,0,0,0,0,0,0,0,0,0,0,0,0,0,0,0,0,0,0,0,0,0,0,0,0,0,0,0,0,0,0,0,0,0,0,0,0,0,0
"110",0,0,0,0,0,0,0,0,0,0,0,0,0,0,0,0,0,0,0,0,0,0,0,0,0,0,0,0,0,0,0,0,0,0,0,0,0,0,0,0,0,0,0,0,0,0,0,0.00306201528307084,0.00306201528307084,0.00306201528307084,0.00306201528307084,0.00306201528307084,0.00306201528307084,0.00306201528307084,0.00306201528307084,0.00306201528307084,0.00306201528307084,0.00306201528307084,0.00306201528307084,0,0,0,0,0,0,0,0,0.00117857023196246,0.00117857023196246,0.00117857023196246,0.00117857023196246,0.00118963686190743,0.00118963686190743,0.00118963686190743,0.00118963686190743,0.00119684372837797,0.00119684372837797,0.00119684372837797,0.00119684372837797,0.00163406546062706,0.00163406546062706,0.00163406546062706,0.00163406546062706,0.00163406546062706,0.00163406546062706,0.00163406546062706,0.00163406546062706,0.0033003300330033,0.00165016501650165,0.00165016501650165,0.00165016501650165,0.0016158652777167,0.0016158652777167,0.0016158652777167,0.0016158652777167,0.0016158652777167,0.0016158652777167,0.0016158652777167,0.0016158652777167,0.0016158652777167,0.0016158652777167,0.0016158652777167,0.0016158652777167,0,0,0,0,0,0,0,0,0,0,0,0,0,0,0,0,0,0,0,0,0,0,0,0,0,0,0,0,0,0,0,0,0,0,0,0,0,0,0,0,0,0,0,0,0,0,0,0,0,0,0,0,0,0,0,0,0,0,0,0,0,0,0
"111",0,0,0,0,0,0,0,0,0,0,0,0,0,0,0,0,0,0,0,0,0,0,0,0,0,0,0,0,0,0,0,0,0,0,0,0,0,0,0,0,0,0,0,0,0,0,0,0.00306201528307084,0.00306201528307084,0.00306201528307084,0.00306201528307084,0.00306201528307084,0.00306201528307084,0.00306201528307084,0.00306201528307084,0.00306201528307084,0.00306201528307084,0.00306201528307084,0.00306201528307084,0,0,0,0,0,0,0,0,0.00117857023196246,0.00117857023196246,0.00117857023196246,0.00117857023196246,0.00118963686190743,0.00118963686190743,0.00118963686190743,0.00118963686190743,0.00119684372837797,0.00119684372837797,0.00119684372837797,0.00119684372837797,0.00163406546062706,0.00163406546062706,0.00163406546062706,0.00163406546062706,0.00163406546062706,0.00163406546062706,0.00163406546062706,0.00163406546062706,0.00165016501650165,0.0033003300330033,0.00165016501650165,0.00165016501650165,0.0016158652777167,0.0016158652777167,0.0016158652777167,0.0016158652777167,0.0016158652777167,0.0016158652777167,0.0016158652777167,0.0016158652777167,0.0016158652777167,0.0016158652777167,0.0016158652777167,0.0016158652777167,0,0,0,0,0,0,0,0,0,0,0,0,0,0,0,0,0,0,0,0,0,0,0,0,0,0,0,0,0,0,0,0,0,0,0,0,0,0,0,0,0,0,0,0,0,0,0,0,0,0,0,0,0,0,0,0,0,0,0,0,0,0,0
"112",0,0,0,0,0,0,0,0,0,0,0,0,0,0,0,0,0,0,0,0,0,0,0,0,0,0,0,0,0,0,0,0,0,0,0,0,0,0,0,0,0,0,0,0,0,0,0,0.00306201528307084,0.00306201528307084,0.00306201528307084,0.00306201528307084,0.00306201528307084,0.00306201528307084,0.00306201528307084,0.00306201528307084,0.00306201528307084,0.00306201528307084,0.00306201528307084,0.00306201528307084,0,0,0,0,0,0,0,0,0.00117857023196246,0.00117857023196246,0.00117857023196246,0.00117857023196246,0.00118963686190743,0.00118963686190743,0.00118963686190743,0.00118963686190743,0.00119684372837797,0.00119684372837797,0.00119684372837797,0.00119684372837797,0.00163406546062706,0.00163406546062706,0.00163406546062706,0.00163406546062706,0.00163406546062706,0.00163406546062706,0.00163406546062706,0.00163406546062706,0.00165016501650165,0.00165016501650165,0.0033003300330033,0.00165016501650165,0.0016158652777167,0.0016158652777167,0.0016158652777167,0.0016158652777167,0.0016158652777167,0.0016158652777167,0.0016158652777167,0.0016158652777167,0.0016158652777167,0.0016158652777167,0.0016158652777167,0.0016158652777167,0,0,0,0,0,0,0,0,0,0,0,0,0,0,0,0,0,0,0,0,0,0,0,0,0,0,0,0,0,0,0,0,0,0,0,0,0,0,0,0,0,0,0,0,0,0,0,0,0,0,0,0,0,0,0,0,0,0,0,0,0,0,0
"113",0,0,0,0,0,0,0,0,0,0,0,0,0,0,0,0,0,0,0,0,0,0,0,0,0,0,0,0,0,0,0,0,0,0,0,0,0,0,0,0,0,0,0,0,0,0,0,0.00306201528307084,0.00306201528307084,0.00306201528307084,0.00306201528307084,0.00306201528307084,0.00306201528307084,0.00306201528307084,0.00306201528307084,0.00306201528307084,0.00306201528307084,0.00306201528307084,0.00306201528307084,0,0,0,0,0,0,0,0,0.00117857023196246,0.00117857023196246,0.00117857023196246,0.00117857023196246,0.00118963686190743,0.00118963686190743,0.00118963686190743,0.00118963686190743,0.00119684372837797,0.00119684372837797,0.00119684372837797,0.00119684372837797,0.00163406546062706,0.00163406546062706,0.00163406546062706,0.00163406546062706,0.00163406546062706,0.00163406546062706,0.00163406546062706,0.00163406546062706,0.00165016501650165,0.00165016501650165,0.00165016501650165,0.0033003300330033,0.0016158652777167,0.0016158652777167,0.0016158652777167,0.0016158652777167,0.0016158652777167,0.0016158652777167,0.0016158652777167,0.0016158652777167,0.0016158652777167,0.0016158652777167,0.0016158652777167,0.0016158652777167,0,0,0,0,0,0,0,0,0,0,0,0,0,0,0,0,0,0,0,0,0,0,0,0,0,0,0,0,0,0,0,0,0,0,0,0,0,0,0,0,0,0,0,0,0,0,0,0,0,0,0,0,0,0,0,0,0,0,0,0,0,0,0
"114",0,0,0,0,0,0,0,0,0,0,0,0,0,0,0,0,0,0,0,0,0,0,0,0,0,0,0,0,0,0,0,0,0,0,0,0,0,0,0,0,0,0,0,0,0,0,0,0.00299836933050573,0.00299836933050573,0.00299836933050573,0.00299836933050573,0.00299836933050573,0.00299836933050573,0.00299836933050573,0.00299836933050573,0.00299836933050573,0.00299836933050573,0.00299836933050573,0.00299836933050573,0,0,0,0,0,0,0,0,0.00115407289339827,0.00115407289339827,0.00115407289339827,0.00115407289339827,0.00116490949633833,0.00116490949633833,0.00116490949633833,0.00116490949633833,0.00117196656346461,0.00117196656346461,0.00117196656346461,0.00117196656346461,0.0016001003614421,0.0016001003614421,0.0016001003614421,0.0016001003614421,0.0016001003614421,0.0016001003614421,0.0016001003614421,0.0016001003614421,0.0016158652777167,0.0016158652777167,0.0016158652777167,0.0016158652777167,0.00316455696202532,0.00158227848101266,0.00158227848101266,0.00158227848101266,0.00158227848101266,0.00158227848101266,0.00158227848101266,0.00158227848101266,0.00158227848101266,0.00158227848101266,0.00158227848101266,0.00158227848101266,0,0,0,0,0,0,0,0,0,0,0,0,0,0,0,0,0,0,0,0,0,0,0,0,0,0,0,0,0,0,0,0,0,0,0,0,0,0,0,0,0,0,0,0,0,0,0,0,0,0,0,0,0,0,0,0,0,0,0,0,0,0,0
"115",0,0,0,0,0,0,0,0,0,0,0,0,0,0,0,0,0,0,0,0,0,0,0,0,0,0,0,0,0,0,0,0,0,0,0,0,0,0,0,0,0,0,0,0,0,0,0,0.00299836933050573,0.00299836933050573,0.00299836933050573,0.00299836933050573,0.00299836933050573,0.00299836933050573,0.00299836933050573,0.00299836933050573,0.00299836933050573,0.00299836933050573,0.00299836933050573,0.00299836933050573,0,0,0,0,0,0,0,0,0.00115407289339827,0.00115407289339827,0.00115407289339827,0.00115407289339827,0.00116490949633833,0.00116490949633833,0.00116490949633833,0.00116490949633833,0.00117196656346461,0.00117196656346461,0.00117196656346461,0.00117196656346461,0.0016001003614421,0.0016001003614421,0.0016001003614421,0.0016001003614421,0.0016001003614421,0.0016001003614421,0.0016001003614421,0.0016001003614421,0.0016158652777167,0.0016158652777167,0.0016158652777167,0.0016158652777167,0.00158227848101266,0.00316455696202532,0.00158227848101266,0.00158227848101266,0.00158227848101266,0.00158227848101266,0.00158227848101266,0.00158227848101266,0.00158227848101266,0.00158227848101266,0.00158227848101266,0.00158227848101266,0,0,0,0,0,0,0,0,0,0,0,0,0,0,0,0,0,0,0,0,0,0,0,0,0,0,0,0,0,0,0,0,0,0,0,0,0,0,0,0,0,0,0,0,0,0,0,0,0,0,0,0,0,0,0,0,0,0,0,0,0,0,0
"116",0,0,0,0,0,0,0,0,0,0,0,0,0,0,0,0,0,0,0,0,0,0,0,0,0,0,0,0,0,0,0,0,0,0,0,0,0,0,0,0,0,0,0,0,0,0,0,0.00299836933050573,0.00299836933050573,0.00299836933050573,0.00299836933050573,0.00299836933050573,0.00299836933050573,0.00299836933050573,0.00299836933050573,0.00299836933050573,0.00299836933050573,0.00299836933050573,0.00299836933050573,0,0,0,0,0,0,0,0,0.00115407289339827,0.00115407289339827,0.00115407289339827,0.00115407289339827,0.00116490949633833,0.00116490949633833,0.00116490949633833,0.00116490949633833,0.00117196656346461,0.00117196656346461,0.00117196656346461,0.00117196656346461,0.0016001003614421,0.0016001003614421,0.0016001003614421,0.0016001003614421,0.0016001003614421,0.0016001003614421,0.0016001003614421,0.0016001003614421,0.0016158652777167,0.0016158652777167,0.0016158652777167,0.0016158652777167,0.00158227848101266,0.00158227848101266,0.00316455696202532,0.00158227848101266,0.00158227848101266,0.00158227848101266,0.00158227848101266,0.00158227848101266,0.00158227848101266,0.00158227848101266,0.00158227848101266,0.00158227848101266,0,0,0,0,0,0,0,0,0,0,0,0,0,0,0,0,0,0,0,0,0,0,0,0,0,0,0,0,0,0,0,0,0,0,0,0,0,0,0,0,0,0,0,0,0,0,0,0,0,0,0,0,0,0,0,0,0,0,0,0,0,0,0
"117",0,0,0,0,0,0,0,0,0,0,0,0,0,0,0,0,0,0,0,0,0,0,0,0,0,0,0,0,0,0,0,0,0,0,0,0,0,0,0,0,0,0,0,0,0,0,0,0.00299836933050573,0.00299836933050573,0.00299836933050573,0.00299836933050573,0.00299836933050573,0.00299836933050573,0.00299836933050573,0.00299836933050573,0.00299836933050573,0.00299836933050573,0.00299836933050573,0.00299836933050573,0,0,0,0,0,0,0,0,0.00115407289339827,0.00115407289339827,0.00115407289339827,0.00115407289339827,0.00116490949633833,0.00116490949633833,0.00116490949633833,0.00116490949633833,0.00117196656346461,0.00117196656346461,0.00117196656346461,0.00117196656346461,0.0016001003614421,0.0016001003614421,0.0016001003614421,0.0016001003614421,0.0016001003614421,0.0016001003614421,0.0016001003614421,0.0016001003614421,0.0016158652777167,0.0016158652777167,0.0016158652777167,0.0016158652777167,0.00158227848101266,0.00158227848101266,0.00158227848101266,0.00316455696202532,0.00158227848101266,0.00158227848101266,0.00158227848101266,0.00158227848101266,0.00158227848101266,0.00158227848101266,0.00158227848101266,0.00158227848101266,0,0,0,0,0,0,0,0,0,0,0,0,0,0,0,0,0,0,0,0,0,0,0,0,0,0,0,0,0,0,0,0,0,0,0,0,0,0,0,0,0,0,0,0,0,0,0,0,0,0,0,0,0,0,0,0,0,0,0,0,0,0,0
"118",0,0,0,0,0,0,0,0,0,0,0,0,0,0,0,0,0,0,0,0,0,0,0,0,0,0,0,0,0,0,0,0,0,0,0,0,0,0,0,0,0,0,0,0,0,0,0,0.00299836933050573,0.00299836933050573,0.00299836933050573,0.00299836933050573,0.00299836933050573,0.00299836933050573,0.00299836933050573,0.00299836933050573,0.00299836933050573,0.00299836933050573,0.00299836933050573,0.00299836933050573,0,0,0,0,0,0,0,0,0.00115407289339827,0.00115407289339827,0.00115407289339827,0.00115407289339827,0.00116490949633833,0.00116490949633833,0.00116490949633833,0.00116490949633833,0.00117196656346461,0.00117196656346461,0.00117196656346461,0.00117196656346461,0.0016001003614421,0.0016001003614421,0.0016001003614421,0.0016001003614421,0.0016001003614421,0.0016001003614421,0.0016001003614421,0.0016001003614421,0.0016158652777167,0.0016158652777167,0.0016158652777167,0.0016158652777167,0.00158227848101266,0.00158227848101266,0.00158227848101266,0.00158227848101266,0.00316455696202532,0.00158227848101266,0.00158227848101266,0.00158227848101266,0.00158227848101266,0.00158227848101266,0.00158227848101266,0.00158227848101266,0,0,0,0,0,0,0,0,0,0,0,0,0,0,0,0,0,0,0,0,0,0,0,0,0,0,0,0,0,0,0,0,0,0,0,0,0,0,0,0,0,0,0,0,0,0,0,0,0,0,0,0,0,0,0,0,0,0,0,0,0,0,0
"119",0,0,0,0,0,0,0,0,0,0,0,0,0,0,0,0,0,0,0,0,0,0,0,0,0,0,0,0,0,0,0,0,0,0,0,0,0,0,0,0,0,0,0,0,0,0,0,0.00299836933050573,0.00299836933050573,0.00299836933050573,0.00299836933050573,0.00299836933050573,0.00299836933050573,0.00299836933050573,0.00299836933050573,0.00299836933050573,0.00299836933050573,0.00299836933050573,0.00299836933050573,0,0,0,0,0,0,0,0,0.00115407289339827,0.00115407289339827,0.00115407289339827,0.00115407289339827,0.00116490949633833,0.00116490949633833,0.00116490949633833,0.00116490949633833,0.00117196656346461,0.00117196656346461,0.00117196656346461,0.00117196656346461,0.0016001003614421,0.0016001003614421,0.0016001003614421,0.0016001003614421,0.0016001003614421,0.0016001003614421,0.0016001003614421,0.0016001003614421,0.0016158652777167,0.0016158652777167,0.0016158652777167,0.0016158652777167,0.00158227848101266,0.00158227848101266,0.00158227848101266,0.00158227848101266,0.00158227848101266,0.00316455696202532,0.00158227848101266,0.00158227848101266,0.00158227848101266,0.00158227848101266,0.00158227848101266,0.00158227848101266,0,0,0,0,0,0,0,0,0,0,0,0,0,0,0,0,0,0,0,0,0,0,0,0,0,0,0,0,0,0,0,0,0,0,0,0,0,0,0,0,0,0,0,0,0,0,0,0,0,0,0,0,0,0,0,0,0,0,0,0,0,0,0
"120",0,0,0,0,0,0,0,0,0,0,0,0,0,0,0,0,0,0,0,0,0,0,0,0,0,0,0,0,0,0,0,0,0,0,0,0,0,0,0,0,0,0,0,0,0,0,0,0.00299836933050573,0.00299836933050573,0.00299836933050573,0.00299836933050573,0.00299836933050573,0.00299836933050573,0.00299836933050573,0.00299836933050573,0.00299836933050573,0.00299836933050573,0.00299836933050573,0.00299836933050573,0,0,0,0,0,0,0,0,0.00115407289339827,0.00115407289339827,0.00115407289339827,0.00115407289339827,0.00116490949633833,0.00116490949633833,0.00116490949633833,0.00116490949633833,0.00117196656346461,0.00117196656346461,0.00117196656346461,0.00117196656346461,0.0016001003614421,0.0016001003614421,0.0016001003614421,0.0016001003614421,0.0016001003614421,0.0016001003614421,0.0016001003614421,0.0016001003614421,0.0016158652777167,0.0016158652777167,0.0016158652777167,0.0016158652777167,0.00158227848101266,0.00158227848101266,0.00158227848101266,0.00158227848101266,0.00158227848101266,0.00158227848101266,0.00316455696202532,0.00158227848101266,0.00158227848101266,0.00158227848101266,0.00158227848101266,0.00158227848101266,0,0,0,0,0,0,0,0,0,0,0,0,0,0,0,0,0,0,0,0,0,0,0,0,0,0,0,0,0,0,0,0,0,0,0,0,0,0,0,0,0,0,0,0,0,0,0,0,0,0,0,0,0,0,0,0,0,0,0,0,0,0,0
"121",0,0,0,0,0,0,0,0,0,0,0,0,0,0,0,0,0,0,0,0,0,0,0,0,0,0,0,0,0,0,0,0,0,0,0,0,0,0,0,0,0,0,0,0,0,0,0,0.00299836933050573,0.00299836933050573,0.00299836933050573,0.00299836933050573,0.00299836933050573,0.00299836933050573,0.00299836933050573,0.00299836933050573,0.00299836933050573,0.00299836933050573,0.00299836933050573,0.00299836933050573,0,0,0,0,0,0,0,0,0.00115407289339827,0.00115407289339827,0.00115407289339827,0.00115407289339827,0.00116490949633833,0.00116490949633833,0.00116490949633833,0.00116490949633833,0.00117196656346461,0.00117196656346461,0.00117196656346461,0.00117196656346461,0.0016001003614421,0.0016001003614421,0.0016001003614421,0.0016001003614421,0.0016001003614421,0.0016001003614421,0.0016001003614421,0.0016001003614421,0.0016158652777167,0.0016158652777167,0.0016158652777167,0.0016158652777167,0.00158227848101266,0.00158227848101266,0.00158227848101266,0.00158227848101266,0.00158227848101266,0.00158227848101266,0.00158227848101266,0.00316455696202532,0.00158227848101266,0.00158227848101266,0.00158227848101266,0.00158227848101266,0,0,0,0,0,0,0,0,0,0,0,0,0,0,0,0,0,0,0,0,0,0,0,0,0,0,0,0,0,0,0,0,0,0,0,0,0,0,0,0,0,0,0,0,0,0,0,0,0,0,0,0,0,0,0,0,0,0,0,0,0,0,0
"122",0,0,0,0,0,0,0,0,0,0,0,0,0,0,0,0,0,0,0,0,0,0,0,0,0,0,0,0,0,0,0,0,0,0,0,0,0,0,0,0,0,0,0,0,0,0,0,0.00299836933050573,0.00299836933050573,0.00299836933050573,0.00299836933050573,0.00299836933050573,0.00299836933050573,0.00299836933050573,0.00299836933050573,0.00299836933050573,0.00299836933050573,0.00299836933050573,0.00299836933050573,0,0,0,0,0,0,0,0,0.00115407289339827,0.00115407289339827,0.00115407289339827,0.00115407289339827,0.00116490949633833,0.00116490949633833,0.00116490949633833,0.00116490949633833,0.00117196656346461,0.00117196656346461,0.00117196656346461,0.00117196656346461,0.0016001003614421,0.0016001003614421,0.0016001003614421,0.0016001003614421,0.0016001003614421,0.0016001003614421,0.0016001003614421,0.0016001003614421,0.0016158652777167,0.0016158652777167,0.0016158652777167,0.0016158652777167,0.00158227848101266,0.00158227848101266,0.00158227848101266,0.00158227848101266,0.00158227848101266,0.00158227848101266,0.00158227848101266,0.00158227848101266,0.00316455696202532,0.00158227848101266,0.00158227848101266,0.00158227848101266,0,0,0,0,0,0,0,0,0,0,0,0,0,0,0,0,0,0,0,0,0,0,0,0,0,0,0,0,0,0,0,0,0,0,0,0,0,0,0,0,0,0,0,0,0,0,0,0,0,0,0,0,0,0,0,0,0,0,0,0,0,0,0
"123",0,0,0,0,0,0,0,0,0,0,0,0,0,0,0,0,0,0,0,0,0,0,0,0,0,0,0,0,0,0,0,0,0,0,0,0,0,0,0,0,0,0,0,0,0,0,0,0.00299836933050573,0.00299836933050573,0.00299836933050573,0.00299836933050573,0.00299836933050573,0.00299836933050573,0.00299836933050573,0.00299836933050573,0.00299836933050573,0.00299836933050573,0.00299836933050573,0.00299836933050573,0,0,0,0,0,0,0,0,0.00115407289339827,0.00115407289339827,0.00115407289339827,0.00115407289339827,0.00116490949633833,0.00116490949633833,0.00116490949633833,0.00116490949633833,0.00117196656346461,0.00117196656346461,0.00117196656346461,0.00117196656346461,0.0016001003614421,0.0016001003614421,0.0016001003614421,0.0016001003614421,0.0016001003614421,0.0016001003614421,0.0016001003614421,0.0016001003614421,0.0016158652777167,0.0016158652777167,0.0016158652777167,0.0016158652777167,0.00158227848101266,0.00158227848101266,0.00158227848101266,0.00158227848101266,0.00158227848101266,0.00158227848101266,0.00158227848101266,0.00158227848101266,0.00158227848101266,0.00316455696202532,0.00158227848101266,0.00158227848101266,0,0,0,0,0,0,0,0,0,0,0,0,0,0,0,0,0,0,0,0,0,0,0,0,0,0,0,0,0,0,0,0,0,0,0,0,0,0,0,0,0,0,0,0,0,0,0,0,0,0,0,0,0,0,0,0,0,0,0,0,0,0,0
"124",0,0,0,0,0,0,0,0,0,0,0,0,0,0,0,0,0,0,0,0,0,0,0,0,0,0,0,0,0,0,0,0,0,0,0,0,0,0,0,0,0,0,0,0,0,0,0,0.00299836933050573,0.00299836933050573,0.00299836933050573,0.00299836933050573,0.00299836933050573,0.00299836933050573,0.00299836933050573,0.00299836933050573,0.00299836933050573,0.00299836933050573,0.00299836933050573,0.00299836933050573,0,0,0,0,0,0,0,0,0.00115407289339827,0.00115407289339827,0.00115407289339827,0.00115407289339827,0.00116490949633833,0.00116490949633833,0.00116490949633833,0.00116490949633833,0.00117196656346461,0.00117196656346461,0.00117196656346461,0.00117196656346461,0.0016001003614421,0.0016001003614421,0.0016001003614421,0.0016001003614421,0.0016001003614421,0.0016001003614421,0.0016001003614421,0.0016001003614421,0.0016158652777167,0.0016158652777167,0.0016158652777167,0.0016158652777167,0.00158227848101266,0.00158227848101266,0.00158227848101266,0.00158227848101266,0.00158227848101266,0.00158227848101266,0.00158227848101266,0.00158227848101266,0.00158227848101266,0.00158227848101266,0.00316455696202532,0.00158227848101266,0,0,0,0,0,0,0,0,0,0,0,0,0,0,0,0,0,0,0,0,0,0,0,0,0,0,0,0,0,0,0,0,0,0,0,0,0,0,0,0,0,0,0,0,0,0,0,0,0,0,0,0,0,0,0,0,0,0,0,0,0,0,0
"125",0,0,0,0,0,0,0,0,0,0,0,0,0,0,0,0,0,0,0,0,0,0,0,0,0,0,0,0,0,0,0,0,0,0,0,0,0,0,0,0,0,0,0,0,0,0,0,0.00299836933050573,0.00299836933050573,0.00299836933050573,0.00299836933050573,0.00299836933050573,0.00299836933050573,0.00299836933050573,0.00299836933050573,0.00299836933050573,0.00299836933050573,0.00299836933050573,0.00299836933050573,0,0,0,0,0,0,0,0,0.00115407289339827,0.00115407289339827,0.00115407289339827,0.00115407289339827,0.00116490949633833,0.00116490949633833,0.00116490949633833,0.00116490949633833,0.00117196656346461,0.00117196656346461,0.00117196656346461,0.00117196656346461,0.0016001003614421,0.0016001003614421,0.0016001003614421,0.0016001003614421,0.0016001003614421,0.0016001003614421,0.0016001003614421,0.0016001003614421,0.0016158652777167,0.0016158652777167,0.0016158652777167,0.0016158652777167,0.00158227848101266,0.00158227848101266,0.00158227848101266,0.00158227848101266,0.00158227848101266,0.00158227848101266,0.00158227848101266,0.00158227848101266,0.00158227848101266,0.00158227848101266,0.00158227848101266,0.00316455696202532,0,0,0,0,0,0,0,0,0,0,0,0,0,0,0,0,0,0,0,0,0,0,0,0,0,0,0,0,0,0,0,0,0,0,0,0,0,0,0,0,0,0,0,0,0,0,0,0,0,0,0,0,0,0,0,0,0,0,0,0,0,0,0
"29",0,0,0,0,0,0,0,0,0,0,0,0,0,0,0,0,0,0,0,0,0,0,0,0,0,0,0,0,0,0,0,0,0,0,0,0,0,0,0,0,0,0,0,0,0,0,0,0,0,0,0,0,0,0,0,0,0,0,0,0,0,0,0,0,0,0,0,0,0,0,0,0,0,0,0,0,0,0,0,0,0,0,0,0,0,0,0,0,0,0,0,0,0,0,0,0,0,0,0,0,0,0,0,0.00662251655629139,0.00268298109594277,0.00268298109594277,0,0.00268298109594277,0,0,0,0,0,0,0,0,0,0,0,0,0,0,0,0,0,0,0,0,0,0,0,0,0,0,0,0,0,0,0,0,0,0,0,0,0,0,0,0,0,0,0,0,0,0,0,0,0,0,0,0,0,0,0,0,0,0
"30",0,0,0,0,0,0,0,0,0,0,0,0,0,0,0,0,0,0,0,0,0,0,0,0,0,0,0,0,0,0,0,0,0,0,0,0,0,0,0,0,0,0,0,0,0,0,0,0,0,0,0,0,0,0,0,0,0,0,0,0,0,0,0,0,0,0,0,0,0,0,0,0,0,0,0,0,0,0,0,0,0,0,0,0,0,0,0,0,0,0,0,0,0,0,0,0,0,0,0,0,0,0,0,0.00268298109594277,0.00434782608695652,0.00217391304347826,0,0.00217391304347826,0,0,0,0,0,0,0,0,0,0,0,0,0,0,0,0,0,0,0,0,0,0,0,0,0,0,0,0,0,0,0,0,0,0,0,0,0,0,0,0,0,0,0,0,0,0,0,0,0,0,0,0,0,0,0,0,0,0
"31",0,0,0,0,0,0,0,0,0,0,0,0,0,0,0,0,0,0,0,0,0,0,0,0,0,0,0,0,0,0,0,0,0,0,0,0,0,0,0,0,0,0,0,0,0,0,0,0,0,0,0,0,0,0,0,0,0,0,0,0,0,0,0,0,0,0,0,0,0,0,0,0,0,0,0,0,0,0,0,0,0,0,0,0,0,0,0,0,0,0,0,0,0,0,0,0,0,0,0,0,0,0,0,0.00268298109594277,0.00217391304347826,0.00434782608695652,0,0.00217391304347826,0,0,0,0,0,0,0,0,0,0,0,0,0,0,0,0,0,0,0,0,0,0,0,0,0,0,0,0,0,0,0,0,0,0,0,0,0,0,0,0,0,0,0,0,0,0,0,0,0,0,0,0,0,0,0,0,0,0
"416",0,0,0,0,0,0,0,0,0,0,0,0,0,0,0,0,0,0,0,0,0,0,0,0,0,0,0,0,0,0,0,0,0,0,0,0,0,0,0,0,0,0,0,0,0,0,0,0,0,0,0,0,0,0,0,0,0,0,0,0,0,0,0,0,0,0,0,0,0,0,0,0,0,0,0,0,0,0,0,0,0,0,0,0,0,0,0,0,0,0,0,0,0,0,0,0,0,0,0,0,0,0,0,0,0,0,0.0142857142857143,0,0,0,0,0,0,0,0,0,0,0,0,0,0,0,0,0,0,0,0,0,0,0,0,0,0,0,0,0,0,0,0,0,0,0,0,0,0,0,0,0,0,0,0,0,0,0,0,0,0,0,0,0,0,0,0,0,0,0
"423",0,0,0,0,0,0,0,0,0,0,0,0,0,0,0,0,0,0,0,0,0,0,0,0,0,0,0,0,0,0,0,0,0,0,0,0,0,0,0,0,0,0,0,0,0,0,0,0,0,0,0,0,0,0,0,0,0,0,0,0,0,0,0,0,0,0,0,0,0,0,0,0,0,0,0,0,0,0,0,0,0,0,0,0,0,0,0,0,0,0,0,0,0,0,0,0,0,0,0,0,0,0,0,0.00268298109594277,0.00217391304347826,0.00217391304347826,0,0.00434782608695652,0,0,0,0,0,0,0,0,0,0,0,0,0,0,0,0,0,0,0,0,0,0,0,0,0,0,0,0,0,0,0,0,0,0,0,0,0,0,0,0,0,0,0,0,0,0,0,0,0,0,0,0,0,0,0,0,0,0
"1",0,0,0,0,0,0,0,0,0,0,0,0,0,0,0,0,0,0,0,0,0,0,0,0,0,0,0,0,0,0,0,0,0,0,0,0,0,0,0,0,0,0,0,0,0,0,0,0,0,0,0,0,0,0,0,0,0,0,0,0,0,0,0,0,0,0,0,0,0,0,0,0,0,0,0,0,0,0,0,0,0,0,0,0,0,0,0,0,0,0,0,0,0,0,0,0,0,0,0,0,0,0,0,0,0,0,0,0,0.0232558139534884,0,0,0,0,0,0,0,0,0,0,0,0,0,0,0,0,0,0,0,0,0,0,0,0,0,0,0,0,0,0,0,0,0,0,0,0,0,0,0,0,0,0,0,0,0,0,0,0,0,0,0,0,0,0,0,0,0
"2",0,0,0,0,0,0,0,0,0,0,0,0,0,0,0,0,0,0,0,0,0,0,0,0,0,0,0,0,0,0,0,0,0,0,0,0,0,0,0,0,0,0,0,0,0,0,0,0,0,0,0,0,0,0,0,0,0,0,0,0,0,0,0,0,0,0,0,0,0,0,0,0,0,0,0,0,0,0,0,0,0,0,0,0,0,0,0,0,0,0,0,0,0,0,0,0,0,0,0,0,0,0,0,0,0,0,0,0,0,0.00483091787439614,0,0,0,0,0,0,0,0,0,0,0,0,0,0.00140249281823835,0,0,0,0,0,0,0,0,0,0,0,0,0,0,0,0,0,0,0,0,0,0,0,0,0,0,0,0,0,0,0,0,0,0,0,0,0,0,0,0,0,0
"7",0,0,0,0,0,0,0,0,0,0,0,0,0,0,0,0,0,0,0,0,0,0,0,0,0,0,0,0,0,0,0,0,0,0,0,0,0,0,0,0,0,0,0,0,0,0,0,0,0,0,0,0,0,0,0,0,0,0,0,0,0,0,0,0,0,0,0,0,0,0,0,0,0,0,0,0,0,0,0,0,0,0,0,0,0,0,0,0,0,0,0,0,0,0,0,0,0,0,0,0,0,0,0,0,0,0,0,0,0,0,0.0256410256410256,0,0,0,0,0,0,0,0,0,0,0,0,0,0,0.0200160192256359,0,0,0,0,0,0,0,0,0,0,0,0,0,0,0,0,0,0,0,0,0,0,0,0,0,0,0,0,0,0,0,0,0,0,0,0,0,0,0,0
"8",0,0,0,0,0,0,0,0,0,0,0,0,0,0,0,0,0,0,0,0,0,0,0,0,0,0,0,0,0,0,0,0,0,0,0,0,0,0,0,0,0,0,0,0,0,0,0,0,0,0,0,0,0,0,0,0,0,0,0,0,0,0,0,0,0,0,0,0,0,0,0,0,0,0,0,0,0,0,0,0,0,0,0,0,0,0,0,0,0,0,0,0,0,0,0,0,0,0,0,0,0,0,0,0,0,0,0,0,0,0,0,0.027027027027027,0,0,0,0,0,0,0,0,0,0,0,0,0,0,0,0,0,0,0,0,0,0,0,0,0,0,0,0,0,0,0,0,0,0,0,0,0,0,0,0,0,0,0,0,0,0,0.0060598270695465,0,0,0,0,0,0,0
"9",0,0,0,0,0,0,0,0,0,0,0,0,0,0,0,0,0,0,0,0,0,0,0,0,0,0,0,0,0,0,0,0,0,0,0,0,0,0,0,0,0,0,0,0,0,0,0,0,0,0,0,0,0,0,0,0,0,0,0,0,0,0,0,0,0,0,0,0,0,0,0,0,0,0,0,0,0,0,0,0,0,0,0,0,0,0,0,0,0,0,0,0,0,0,0,0,0,0,0,0,0,0,0,0,0,0,0,0,0,0,0,0,0.00632911392405063,0,0,0,0,0,0,0,0,0,0,0,0,0,0,0,0,0,0,0,0,0,0,0,0,0,0,0,0,0,0,0,0,0,0,0,0,0,0,0,0,0,0,0,0,0,0,0,0,0,0,0,0,0
"10",0,0,0,0,0,0,0,0,0,0,0,0,0,0,0,0,0,0,0,0,0,0,0,0,0,0,0,0,0,0,0,0,0,0,0,0,0,0,0,0,0,0,0,0,0,0,0,0,0,0,0,0,0,0,0,0,0,0,0,0,0,0,0,0,0,0,0,0,0,0,0,0,0,0,0,0,0,0,0,0,0,0,0,0,0,0,0,0,0,0,0,0,0,0,0,0,0,0,0,0,0,0,0,0,0,0,0,0,0,0,0,0,0,0.00165837479270315,0,0,0,0,0,0,0,0,0,0,0,0,0,0,0,0,0,0,0,0,0,0,0,0,0,0,0,0,0,0,0,0,0,0,0,0,0,0,0,0,0,0,0,0,0,0,0,0,0,0,0,0
"11",0,0,0,0,0,0,0,0,0,0,0,0,0,0,0,0,0,0,0,0,0,0,0,0,0,0,0,0,0,0,0,0,0,0,0,0,0,0,0,0,0,0,0,0,0,0,0,0,0,0,0,0,0,0,0,0,0,0,0,0,0,0,0,0,0,0,0,0,0,0,0,0,0,0,0,0,0,0,0,0,0,0,0,0,0,0,0,0,0,0,0,0,0,0,0,0,0,0,0,0,0,0,0,0,0,0,0,0,0,0,0,0,0,0,0.00161290322580645,0.000900732773958919,0,0,0,0,0,0,0,0,0,0,0,0,0,0,0,0,0,0,0,0,0,0,0,0,0,0,0,0,0,0,0,0,0,0,0,0,0,0,0,0,0,0,0,0,0,0,0,0,0,0
"12",0,0,0,0,0,0,0,0,0,0,0,0,0,0,0,0,0,0,0,0,0,0,0,0,0,0,0,0,0,0,0,0,0,0,0,0,0,0,0,0,0,0,0,0,0,0,0,0,0,0,0,0,0,0,0,0,0,0,0,0,0,0,0,0,0,0,0,0,0,0,0,0,0,0,0,0,0,0,0,0,0,0,0,0,0,0,0,0,0,0,0,0,0,0,0,0,0,0,0,0,0,0,0,0,0,0,0,0,0,0,0,0,0,0,0.000900732773958919,0.00201207243460765,0,0,0,0,0,0,0,0,0,0,0,0,0,0,0,0,0,0,0,0,0,0,0,0,0,0,0,0,0,0,0,0,0,0,0,0,0,0,0,0,0,0,0,0,0,0,0,0,0,0
"13",0,0,0,0,0,0,0,0,0,0,0,0,0,0,0,0,0,0,0,0,0,0,0,0,0,0,0,0,0,0,0,0,0,0,0,0,0,0,0,0,0,0,0,0,0,0,0,0,0,0,0,0,0,0,0,0,0,0,0,0,0,0,0,0,0,0,0,0,0,0,0,0,0,0,0,0,0,0,0,0,0,0,0,0,0,0,0,0,0,0,0,0,0,0,0,0,0,0,0,0,0,0,0,0,0,0,0,0,0,0,0,0,0,0,0,0,0.00862068965517241,0.00431034482758621,0.00431034482758621,0.00448796148153576,0,0,0,0,0,0,0.00431034482758621,0,0,0,0,0,0,0,0,0,0,0,0,0,0,0,0,0,0,0,0,0,0,0.00232994546686656,0,0,0,0,0,0,0,0,0,0,0,0,0,0,0,0
"14",0,0,0,0,0,0,0,0,0,0,0,0,0,0,0,0,0,0,0,0,0,0,0,0,0,0,0,0,0,0,0,0,0,0,0,0,0,0,0,0,0,0,0,0,0,0,0,0,0,0,0,0,0,0,0,0,0,0,0,0,0,0,0,0,0,0,0,0,0,0,0,0,0,0,0,0,0,0,0,0,0,0,0,0,0,0,0,0,0,0,0,0,0,0,0,0,0,0,0,0,0,0,0,0,0,0,0,0,0,0,0,0,0,0,0,0,0.00431034482758621,0.00862068965517241,0.00431034482758621,0.00448796148153576,0,0,0,0,0,0,0.00431034482758621,0,0,0,0,0,0,0,0,0,0,0,0,0,0,0,0,0,0,0,0,0,0,0.00232994546686656,0,0,0,0,0,0,0,0,0,0,0,0,0,0,0,0
"15",0,0,0,0,0,0,0,0,0,0,0,0,0,0,0,0,0,0,0,0,0,0,0,0,0,0,0,0,0,0,0,0,0,0,0,0,0,0,0,0,0,0,0,0,0,0,0,0,0,0,0,0,0,0,0,0,0,0,0,0,0,0,0,0,0,0,0,0,0,0,0,0,0,0,0,0,0,0,0,0,0,0,0,0,0,0,0,0,0,0,0,0,0,0,0,0,0,0,0,0,0,0,0,0,0,0,0,0,0,0,0,0,0,0,0,0,0.00431034482758621,0.00431034482758621,0.00862068965517241,0.00448796148153576,0,0,0,0,0,0,0.00431034482758621,0,0,0,0,0,0,0,0,0,0,0,0,0,0,0,0,0,0,0,0,0,0,0.00232994546686656,0,0,0,0,0,0,0,0,0,0,0,0,0,0,0,0
"16",0,0,0,0,0,0,0,0,0,0,0,0,0,0,0,0,0,0,0,0,0,0,0,0,0,0,0,0,0,0,0,0,0,0,0,0,0,0,0,0,0,0,0,0,0,0,0,0,0,0,0,0,0,0,0,0,0,0,0,0,0,0,0,0,0,0,0,0,0,0,0,0,0,0,0,0,0,0,0,0,0,0,0,0,0,0,0,0,0,0,0,0,0,0,0,0,0,0,0,0,0,0,0,0,0,0,0,0,0,0,0,0,0,0,0,0,0.00448796148153576,0.00448796148153576,0.00448796148153576,0.00934579439252336,0,0,0,0,0,0,0.00448796148153576,0,0,0,0,0,0,0,0,0,0,0,0,0,0,0,0,0,0,0,0,0,0,0.00242595567817523,0,0,0,0,0,0,0,0,0,0,0,0,0,0,0,0
"25",0,0,0,0,0,0,0,0,0,0,0,0,0,0,0,0,0,0,0,0,0,0,0,0,0,0,0,0,0,0,0,0,0,0,0,0,0,0,0,0,0,0,0,0,0,0,0,0,0,0,0,0,0,0,0,0,0,0,0,0,0,0,0,0,0,0,0,0,0,0,0,0,0,0,0,0,0,0,0,0,0,0,0,0,0,0,0,0,0,0,0,0,0,0,0,0,0,0,0,0,0,0,0,0,0,0,0,0,0,0,0,0,0,0,0,0,0,0,0,0,0.0217391304347826,0.0147441956154897,0.0147441956154897,0,0,0,0,0,0,0,0,0,0,0,0,0,0,0,0,0,0,0,0,0,0,0,0,0,0,0,0,0,0,0,0,0,0,0,0,0,0,0,0,0,0,0
"26",0,0,0,0,0,0,0,0,0,0,0,0,0,0,0,0,0,0,0,0,0,0,0,0,0,0,0,0,0,0,0,0,0,0,0,0,0,0,0,0,0,0,0,0,0,0,0,0,0,0,0,0,0,0,0,0,0,0,0,0,0,0,0,0,0,0,0,0,0,0,0,0,0,0,0,0,0,0,0,0,0,0,0,0,0,0,0,0,0,0,0,0,0,0,0,0,0,0,0,0,0,0,0,0,0,0,0,0,0,0,0,0,0,0,0,0,0,0,0,0,0.0147441956154897,0.04,0.02,0,0,0,0,0,0,0,0,0,0,0,0,0,0,0,0,0,0,0,0,0,0,0,0,0,0,0,0,0,0,0,0,0,0,0,0,0,0,0,0,0,0,0
"27",0,0,0,0,0,0,0,0,0,0,0,0,0,0,0,0,0,0,0,0,0,0,0,0,0,0,0,0,0,0,0,0,0,0,0,0,0,0,0,0,0,0,0,0,0,0,0,0,0,0,0,0,0,0,0,0,0,0,0,0,0,0,0,0,0,0,0,0,0,0,0,0,0,0,0,0,0,0,0,0,0,0,0,0,0,0,0,0,0,0,0,0,0,0,0,0,0,0,0,0,0,0,0,0,0,0,0,0,0,0,0,0,0,0,0,0,0,0,0,0,0.0147441956154897,0.02,0.04,0,0,0,0,0,0,0,0,0,0,0,0,0,0,0,0,0,0,0,0,0,0,0,0,0,0,0,0,0,0,0,0,0,0,0,0,0,0,0,0,0,0,0
"28",0,0,0,0,0,0,0,0,0,0,0,0,0,0,0,0,0,0,0,0,0,0,0,0,0,0,0,0,0,0,0,0,0,0,0,0,0,0,0,0,0,0,0,0,0,0,0,0,0,0,0,0,0,0,0,0,0,0,0,0,0,0,0,0,0,0,0,0,0,0,0,0,0,0,0,0,0,0,0,0,0,0,0,0,0,0,0,0,0,0,0,0,0,0,0,0,0,0,0,0,0,0,0,0,0,0,0,0,0,0.00140249281823835,0,0,0,0,0,0,0,0,0,0,0,0,0,0.00162866449511401,0,0,0,0,0,0,0,0,0,0,0,0,0,0,0,0,0,0,0,0,0,0,0,0,0,0,0,0,0,0,0,0,0,0,0,0,0,0,0,0,0,0
"32",0,0,0,0,0,0,0,0,0,0,0,0,0,0,0,0,0,0,0,0,0,0,0,0,0,0,0,0,0,0,0,0,0,0,0,0,0,0,0,0,0,0,0,0,0,0,0,0,0,0,0,0,0,0,0,0,0,0,0,0,0,0,0,0,0,0,0,0,0,0,0,0,0,0,0,0,0,0,0,0,0,0,0,0,0,0,0,0,0,0,0,0,0,0,0,0,0,0,0,0,0,0,0,0,0,0,0,0,0,0,0,0,0,0,0,0,0,0,0,0,0,0,0,0,0.00952380952380952,0,0,0,0,0,0,0,0,0,0,0,0,0,0,0,0,0,0,0,0,0,0,0,0,0,0,0,0,0,0,0,0.00275366136166973,0,0,0,0,0,0,0,0,0
"34",0,0,0,0,0,0,0,0,0,0,0,0,0,0,0,0,0,0,0,0,0,0,0,0,0,0,0,0,0,0,0,0,0,0,0,0,0,0,0,0,0,0,0,0,0,0,0,0,0,0,0,0,0,0,0,0,0,0,0,0,0,0,0,0,0,0,0,0,0,0,0,0,0,0,0,0,0,0,0,0,0,0,0,0,0,0,0,0,0,0,0,0,0,0,0,0,0,0,0,0,0,0,0,0,0,0,0,0,0,0,0.0200160192256359,0,0,0,0,0,0,0,0,0,0,0,0,0,0,0.0625,0,0,0,0,0,0,0,0,0,0,0,0,0,0,0,0,0,0,0,0,0,0,0,0,0,0,0,0,0,0,0,0,0,0,0,0,0,0,0,0
"35",0,0,0,0,0,0,0,0,0,0,0,0,0,0,0,0,0,0,0,0,0,0,0,0,0,0,0,0,0,0,0,0,0,0,0,0,0,0,0,0,0,0,0,0,0,0,0,0,0,0,0,0,0,0,0,0,0,0,0,0,0,0,0,0,0,0,0,0,0,0,0,0,0,0,0,0,0,0,0,0,0,0,0,0,0,0,0,0,0,0,0,0,0,0,0,0,0,0,0,0,0,0,0,0,0,0,0,0,0,0,0,0,0,0,0,0,0.00431034482758621,0.00431034482758621,0.00431034482758621,0.00448796148153576,0,0,0,0,0,0,0.00862068965517241,0,0,0,0,0,0,0,0,0,0,0,0,0,0,0,0,0,0,0,0,0,0,0.00232994546686656,0,0,0,0,0,0,0,0,0,0,0,0,0,0,0,0
"399",0,0,0,0,0,0,0,0,0,0,0,0,0,0,0,0,0,0,0,0,0,0,0,0,0,0,0,0,0,0,0,0,0,0,0,0,0,0,0,0,0,0,0,0,0,0,0,0,0,0,0,0,0,0,0,0,0,0,0,0,0,0,0,0,0,0,0,0,0,0,0,0,0,0,0,0,0,0,0,0,0,0,0,0,0,0,0,0,0,0,0,0,0,0,0,0,0,0,0,0,0,0,0,0,0,0,0,0,0,0,0,0,0,0,0,0,0,0,0,0,0,0,0,0,0,0,0,0.00571428571428571,0.00280165907340263,0.00281718084909506,0,0,0,0,0,0,0,0,0,0,0,0,0,0,0,0,0,0,0,0,0,0,0,0,0,0,0,0,0,0,0,0,0,0,0,0
"400",0,0,0,0,0,0,0,0,0,0,0,0,0,0,0,0,0,0,0,0,0,0,0,0,0,0,0,0,0,0,0,0,0,0,0,0,0,0,0,0,0,0,0,0,0,0,0,0,0,0,0,0,0,0,0,0,0,0,0,0,0,0,0,0,0,0,0,0,0,0,0,0,0,0,0,0,0,0,0,0,0,0,0,0,0,0,0,0,0,0,0,0,0,0,0,0,0,0,0,0,0,0,0,0,0,0,0,0,0,0,0,0,0,0,0,0,0,0,0,0,0,0,0,0,0,0,0,0.00280165907340263,0.00549450549450549,0.00276247310054915,0,0,0,0,0,0,0,0,0,0,0,0,0,0,0,0,0,0,0,0,0,0,0,0,0,0,0,0,0,0,0,0,0,0,0,0
"401",0,0,0,0,0,0,0,0,0,0,0,0,0,0,0,0,0,0,0,0,0,0,0,0,0,0,0,0,0,0,0,0,0,0,0,0,0,0,0,0,0,0,0,0,0,0,0,0,0,0,0,0,0,0,0,0,0,0,0,0,0,0,0,0,0,0,0,0,0,0,0,0,0,0,0,0,0,0,0,0,0,0,0,0,0,0,0,0,0,0,0,0,0,0,0,0,0,0,0,0,0,0,0,0,0,0,0,0,0,0,0,0,0,0,0,0,0,0,0,0,0,0,0,0,0,0,0,0.00281718084909506,0.00276247310054915,0.00555555555555556,0,0,0,0,0,0,0,0,0,0,0,0,0,0,0,0,0,0,0,0,0,0,0,0,0,0,0,0,0,0,0,0,0,0,0,0
"402",0,0,0,0,0,0,0,0,0,0,0,0,0,0,0,0,0,0,0,0,0,0,0,0,0,0,0,0,0,0,0,0,0,0,0,0,0,0,0,0,0,0,0,0,0,0,0,0,0,0,0,0,0,0,0,0,0,0,0,0,0,0,0,0,0,0,0,0,0,0,0,0,0,0,0,0,0,0,0,0,0,0,0,0,0,0,0,0,0,0,0,0,0,0,0,0,0,0,0,0,0,0,0,0,0,0,0,0,0,0,0,0,0,0,0,0,0,0,0,0,0,0,0,0,0,0,0,0,0,0,0.0333333333333333,0.0166666666666667,0,0,0,0,0,0,0,0,0,0,0,0,0,0,0,0,0,0,0,0,0,0,0,0,0,0,0,0,0,0,0,0,0,0
"403",0,0,0,0,0,0,0,0,0,0,0,0,0,0,0,0,0,0,0,0,0,0,0,0,0,0,0,0,0,0,0,0,0,0,0,0,0,0,0,0,0,0,0,0,0,0,0,0,0,0,0,0,0,0,0,0,0,0,0,0,0,0,0,0,0,0,0,0,0,0,0,0,0,0,0,0,0,0,0,0,0,0,0,0,0,0,0,0,0,0,0,0,0,0,0,0,0,0,0,0,0,0,0,0,0,0,0,0,0,0,0,0,0,0,0,0,0,0,0,0,0,0,0,0,0,0,0,0,0,0,0.0166666666666667,0.0333333333333333,0,0,0,0,0,0,0,0,0,0,0,0,0,0,0,0,0,0,0,0,0,0,0,0,0,0,0,0,0,0,0,0,0,0
"404",0,0,0,0,0,0,0,0,0,0,0,0,0,0,0,0,0,0,0,0,0,0,0,0,0,0,0,0,0,0,0,0,0,0,0,0,0,0,0,0,0,0,0,0,0,0,0,0,0,0,0,0,0,0,0,0,0,0,0,0,0,0,0,0,0,0,0,0,0,0,0,0,0,0,0,0,0,0,0,0,0,0,0,0,0,0,0,0,0,0,0,0,0,0,0,0,0,0,0,0,0,0,0,0,0,0,0,0,0,0,0,0,0,0,0,0,0,0,0,0,0,0,0,0,0,0,0,0,0,0,0,0,0.00689655172413793,0.00344827586206897,0.00712109114869856,0.00712109114869856,0,0,0,0,0,0,0,0,0,0,0,0,0,0,0,0,0,0,0,0,0,0,0,0,0,0,0,0,0,0
"405",0,0,0,0,0,0,0,0,0,0,0,0,0,0,0,0,0,0,0,0,0,0,0,0,0,0,0,0,0,0,0,0,0,0,0,0,0,0,0,0,0,0,0,0,0,0,0,0,0,0,0,0,0,0,0,0,0,0,0,0,0,0,0,0,0,0,0,0,0,0,0,0,0,0,0,0,0,0,0,0,0,0,0,0,0,0,0,0,0,0,0,0,0,0,0,0,0,0,0,0,0,0,0,0,0,0,0,0,0,0,0,0,0,0,0,0,0,0,0,0,0,0,0,0,0,0,0,0,0,0,0,0,0.00344827586206897,0.00689655172413793,0.00712109114869856,0.00712109114869856,0,0,0,0,0,0,0,0,0,0,0,0,0,0,0,0,0,0,0,0,0,0,0,0,0,0,0,0,0,0
"406",0,0,0,0,0,0,0,0,0,0,0,0,0,0,0,0,0,0,0,0,0,0,0,0,0,0,0,0,0,0,0,0,0,0,0,0,0,0,0,0,0,0,0,0,0,0,0,0,0,0,0,0,0,0,0,0,0,0,0,0,0,0,0,0,0,0,0,0,0,0,0,0,0,0,0,0,0,0,0,0,0,0,0,0,0,0,0,0,0,0,0,0,0,0,0,0,0,0,0,0,0,0,0,0,0,0,0,0,0,0,0,0,0,0,0,0,0,0,0,0,0,0,0,0,0,0,0,0,0,0,0,0,0.00712109114869856,0.00712109114869856,0.0294117647058824,0.0147058823529412,0,0,0,0,0,0,0,0,0,0,0,0,0,0,0,0,0,0,0,0,0,0,0,0,0,0,0,0,0,0
"407",0,0,0,0,0,0,0,0,0,0,0,0,0,0,0,0,0,0,0,0,0,0,0,0,0,0,0,0,0,0,0,0,0,0,0,0,0,0,0,0,0,0,0,0,0,0,0,0,0,0,0,0,0,0,0,0,0,0,0,0,0,0,0,0,0,0,0,0,0,0,0,0,0,0,0,0,0,0,0,0,0,0,0,0,0,0,0,0,0,0,0,0,0,0,0,0,0,0,0,0,0,0,0,0,0,0,0,0,0,0,0,0,0,0,0,0,0,0,0,0,0,0,0,0,0,0,0,0,0,0,0,0,0.00712109114869856,0.00712109114869856,0.0147058823529412,0.0294117647058824,0,0,0,0,0,0,0,0,0,0,0,0,0,0,0,0,0,0,0,0,0,0,0,0,0,0,0,0,0,0
"408",0,0,0,0,0,0,0,0,0,0,0,0,0,0,0,0,0,0,0,0,0,0,0,0,0,0,0,0,0,0,0,0,0,0,0,0,0,0,0,0,0,0,0,0,0,0,0,0,0,0,0,0,0,0,0,0,0,0,0,0,0,0,0,0,0,0,0,0,0,0,0,0,0,0,0,0,0,0,0,0,0,0,0,0,0,0,0,0,0,0,0,0,0,0,0,0,0,0,0,0,0,0,0,0,0,0,0,0,0,0,0,0,0,0,0,0,0,0,0,0,0,0,0,0,0,0,0,0,0,0,0,0,0,0,0,0,0.0113636363636364,0,0,0,0,0,0,0,0,0,0,0,0,0,0,0,0,0,0,0,0,0,0,0,0,0,0,0,0,0
"409",0,0,0,0,0,0,0,0,0,0,0,0,0,0,0,0,0,0,0,0,0,0,0,0,0,0,0,0,0,0,0,0,0,0,0,0,0,0,0,0,0,0,0,0,0,0,0,0,0,0,0,0,0,0,0,0,0,0,0,0,0,0,0,0,0,0,0,0,0,0,0,0,0,0,0,0,0,0,0,0,0,0,0,0,0,0,0,0,0,0,0,0,0,0,0,0,0,0,0,0,0,0,0,0,0,0,0,0,0,0,0,0,0,0,0,0,0,0,0,0,0,0,0,0,0,0,0,0,0,0,0,0,0,0,0,0,0,0.0294117647058824,0,0,0,0,0,0,0,0,0,0,0,0,0,0,0,0,0,0,0,0,0,0,0,0,0,0,0,0
"410",0,0,0,0,0,0,0,0,0,0,0,0,0,0,0,0,0,0,0,0,0,0,0,0,0,0,0,0,0,0,0,0,0,0,0,0,0,0,0,0,0,0,0,0,0,0,0,0,0,0,0,0,0,0,0,0,0,0,0,0,0,0,0,0,0,0,0,0,0,0,0,0,0,0,0,0,0,0,0,0,0,0,0,0,0,0,0,0,0,0,0,0,0,0,0,0,0,0,0,0,0,0,0,0,0,0,0,0,0,0,0,0,0,0,0,0,0,0,0,0,0,0,0,0,0,0,0,0,0,0,0,0,0,0,0,0,0,0,0.0357142857142857,0.0111358850796843,0.0139319553143838,0,0,0,0,0,0,0,0,0,0,0,0,0,0,0,0,0,0,0,0,0,0,0,0,0
"411",0,0,0,0,0,0,0,0,0,0,0,0,0,0,0,0,0,0,0,0,0,0,0,0,0,0,0,0,0,0,0,0,0,0,0,0,0,0,0,0,0,0,0,0,0,0,0,0,0,0,0,0,0,0,0,0,0,0,0,0,0,0,0,0,0,0,0,0,0,0,0,0,0,0,0,0,0,0,0,0,0,0,0,0,0,0,0,0,0,0,0,0,0,0,0,0,0,0,0,0,0,0,0,0,0,0,0,0,0,0,0,0,0,0,0,0,0,0,0,0,0,0,0,0,0,0,0,0,0,0,0,0,0,0,0,0,0,0,0.0111358850796843,0.0138888888888889,0.00868810058571145,0,0,0,0,0,0,0,0,0,0,0,0,0,0,0,0,0,0,0,0,0,0,0,0,0
"412",0,0,0,0,0,0,0,0,0,0,0,0,0,0,0,0,0,0,0,0,0,0,0,0,0,0,0,0,0,0,0,0,0,0,0,0,0,0,0,0,0,0,0,0,0,0,0,0,0,0,0,0,0,0,0,0,0,0,0,0,0,0,0,0,0,0,0,0,0,0,0,0,0,0,0,0,0,0,0,0,0,0,0,0,0,0,0,0,0,0,0,0,0,0,0,0,0,0,0,0,0,0,0,0,0,0,0,0,0,0,0,0,0,0,0,0,0,0,0,0,0,0,0,0,0,0,0,0,0,0,0,0,0,0,0,0,0,0,0.0139319553143838,0.00868810058571145,0.0217391304347826,0,0,0,0,0,0,0,0,0,0,0,0,0,0,0,0,0,0,0,0,0,0,0,0,0
"413",0,0,0,0,0,0,0,0,0,0,0,0,0,0,0,0,0,0,0,0,0,0,0,0,0,0,0,0,0,0,0,0,0,0,0,0,0,0,0,0,0,0,0,0,0,0,0,0,0,0,0,0,0,0,0,0,0,0,0,0,0,0,0,0,0,0,0,0,0,0,0,0,0,0,0,0,0,0,0,0,0,0,0,0,0,0,0,0,0,0,0,0,0,0,0,0,0,0,0,0,0,0,0,0,0,0,0,0,0,0,0,0,0,0,0,0,0,0,0,0,0,0,0,0,0,0,0,0,0,0,0,0,0,0,0,0,0,0,0,0,0,0.0217391304347826,0.0108695652173913,0,0,0,0,0,0,0,0,0,0,0,0,0,0,0,0,0,0,0,0,0,0,0
"414",0,0,0,0,0,0,0,0,0,0,0,0,0,0,0,0,0,0,0,0,0,0,0,0,0,0,0,0,0,0,0,0,0,0,0,0,0,0,0,0,0,0,0,0,0,0,0,0,0,0,0,0,0,0,0,0,0,0,0,0,0,0,0,0,0,0,0,0,0,0,0,0,0,0,0,0,0,0,0,0,0,0,0,0,0,0,0,0,0,0,0,0,0,0,0,0,0,0,0,0,0,0,0,0,0,0,0,0,0,0,0,0,0,0,0,0,0,0,0,0,0,0,0,0,0,0,0,0,0,0,0,0,0,0,0,0,0,0,0,0,0,0.0108695652173913,0.0217391304347826,0,0,0,0,0,0,0,0,0,0,0,0,0,0,0,0,0,0,0,0,0,0,0
"415",0,0,0,0,0,0,0,0,0,0,0,0,0,0,0,0,0,0,0,0,0,0,0,0,0,0,0,0,0,0,0,0,0,0,0,0,0,0,0,0,0,0,0,0,0,0,0,0,0,0,0,0,0,0,0,0,0,0,0,0,0,0,0,0,0,0,0,0,0,0,0,0,0,0,0,0,0,0,0,0,0,0,0,0,0,0,0,0,0,0,0,0,0,0,0,0,0,0,0,0,0,0,0,0,0,0,0,0,0,0,0,0,0,0,0,0,0,0,0,0,0,0,0,0,0,0,0,0,0,0,0,0,0,0,0,0,0,0,0,0,0,0,0,0.0217391304347826,0,0,0,0,0,0,0,0,0,0,0,0,0,0,0,0,0,0,0,0,0,0
"417",0,0,0,0,0,0,0,0,0,0,0,0,0,0,0,0,0,0,0,0,0,0,0,0,0,0,0,0,0,0,0,0,0,0,0,0,0,0,0,0,0,0,0,0,0,0,0,0,0,0,0,0,0,0,0,0,0,0,0,0,0,0,0,0,0,0,0,0,0,0,0,0,0,0,0,0,0,0,0,0,0,0,0,0,0,0,0,0,0,0,0,0,0,0,0,0,0,0,0,0,0,0,0,0,0,0,0,0,0,0,0,0,0,0,0,0,0,0,0,0,0,0,0,0,0,0,0,0,0,0,0,0,0,0,0,0,0,0,0,0,0,0,0,0,0.0175438596491228,0,0,0,0,0,0,0,0,0.00578624646773268,0,0,0,0,0,0,0,0,0,0,0,0
"418",0,0,0,0,0,0,0,0,0,0,0,0,0,0,0,0,0,0,0,0,0,0,0,0,0,0,0,0,0,0,0,0,0,0,0,0,0,0,0,0,0,0,0,0,0,0,0,0,0,0,0,0,0,0,0,0,0,0,0,0,0,0,0,0,0,0,0,0,0,0,0,0,0,0,0,0,0,0,0,0,0,0,0,0,0,0,0,0,0,0,0,0,0,0,0,0,0,0,0,0,0,0,0,0,0,0,0,0,0,0,0,0,0,0,0,0,0,0,0,0,0,0,0,0,0,0,0,0,0,0,0,0,0,0,0,0,0,0,0,0,0,0,0,0,0,0.0158730158730159,0,0,0,0,0,0,0,0,0,0,0,0,0,0,0,0,0,0,0,0
"419",0,0,0,0,0,0,0,0,0,0,0,0,0,0,0,0,0,0,0,0,0,0,0,0,0,0,0,0,0,0,0,0,0,0,0,0,0,0,0,0,0,0,0,0,0,0,0,0,0,0,0,0,0,0,0,0,0,0,0,0,0,0,0,0,0,0,0,0,0,0,0,0,0,0,0,0,0,0,0,0,0,0,0,0,0,0,0,0,0,0,0,0,0,0,0,0,0,0,0,0,0,0,0,0,0,0,0,0,0,0,0,0,0,0,0,0,0,0,0,0,0,0,0,0,0,0,0,0,0,0,0,0,0,0,0,0,0,0,0,0,0,0,0,0,0,0,0.0714285714285714,0.0291605921759902,0,0,0,0,0,0,0,0,0,0,0,0,0,0,0,0,0,0
"420",0,0,0,0,0,0,0,0,0,0,0,0,0,0,0,0,0,0,0,0,0,0,0,0,0,0,0,0,0,0,0,0,0,0,0,0,0,0,0,0,0,0,0,0,0,0,0,0,0,0,0,0,0,0,0,0,0,0,0,0,0,0,0,0,0,0,0,0,0,0,0,0,0,0,0,0,0,0,0,0,0,0,0,0,0,0,0,0,0,0,0,0,0,0,0,0,0,0,0,0,0,0,0,0,0,0,0,0,0,0,0,0,0,0,0,0,0,0,0,0,0,0,0,0,0,0,0,0,0,0,0,0,0,0,0,0,0,0,0,0,0,0,0,0,0,0,0.0291605921759902,0.0476190476190476,0,0,0,0,0,0,0,0,0,0,0,0,0,0,0,0,0,0
"421",0,0,0,0,0,0,0,0,0,0,0,0,0,0,0,0,0,0,0,0,0,0,0,0,0,0,0,0,0,0,0,0,0,0,0,0,0,0,0,0,0,0,0,0,0,0,0,0,0,0,0,0,0,0,0,0,0,0,0,0,0,0,0,0,0,0,0,0,0,0,0,0,0,0,0,0,0,0,0,0,0,0,0,0,0,0,0,0,0,0,0,0,0,0,0,0,0,0,0,0,0,0,0,0,0,0,0,0,0,0,0,0,0,0,0,0,0,0,0,0,0,0,0,0,0,0,0,0,0,0,0,0,0,0,0,0,0,0,0,0,0,0,0,0,0,0,0,0,0.00478468899521531,0,0,0,0,0,0,0,0,0,0,0,0,0,0,0,0,0
"422",0,0,0,0,0,0,0,0,0,0,0,0,0,0,0,0,0,0,0,0,0,0,0,0,0,0,0,0,0,0,0,0,0,0,0,0,0,0,0,0,0,0,0,0,0,0,0,0,0,0,0,0,0,0,0,0,0,0,0,0,0,0,0,0,0,0,0,0,0,0,0,0,0,0,0,0,0,0,0,0,0,0,0,0,0,0,0,0,0,0,0,0,0,0,0,0,0,0,0,0,0,0,0,0,0,0,0,0,0,0,0,0,0,0,0,0,0.00232994546686656,0.00232994546686656,0.00232994546686656,0.00242595567817523,0,0,0,0,0,0,0.00232994546686656,0,0,0,0,0,0,0,0,0,0,0,0,0,0,0,0,0,0,0,0,0,0,0.00251889168765743,0,0,0,0,0,0,0,0,0,0,0,0,0,0,0,0
"424",0,0,0,0,0,0,0,0,0,0,0,0,0,0,0,0,0,0,0,0,0,0,0,0,0,0,0,0,0,0,0,0,0,0,0,0,0,0,0,0,0,0,0,0,0,0,0,0,0,0,0,0,0,0,0,0,0,0,0,0,0,0,0,0,0,0,0,0,0,0,0,0,0,0,0,0,0,0,0,0,0,0,0,0,0,0,0,0,0,0,0,0,0,0,0,0,0,0,0,0,0,0,0,0,0,0,0,0,0,0,0,0,0,0,0,0,0,0,0,0,0,0,0,0,0,0,0,0,0,0,0,0,0,0,0,0,0,0,0,0,0,0,0,0,0,0,0,0,0,0,0.00483091787439614,0,0,0,0,0,0,0,0,0,0,0,0,0,0,0
"425",0,0,0,0,0,0,0,0,0,0,0,0,0,0,0,0,0,0,0,0,0,0,0,0,0,0,0,0,0,0,0,0,0,0,0,0,0,0,0,0,0,0,0,0,0,0,0,0,0,0,0,0,0,0,0,0,0,0,0,0,0,0,0,0,0,0,0,0,0,0,0,0,0,0,0,0,0,0,0,0,0,0,0,0,0,0,0,0,0,0,0,0,0,0,0,0,0,0,0,0,0,0,0,0,0,0,0,0,0,0,0,0,0,0,0,0,0,0,0,0,0,0,0,0,0,0,0,0,0,0,0,0,0,0,0,0,0,0,0,0,0,0,0,0,0,0,0,0,0,0,0,0.00584795321637427,0.00337961294022422,0,0,0,0,0,0,0,0,0,0,0,0,0
"426",0,0,0,0,0,0,0,0,0,0,0,0,0,0,0,0,0,0,0,0,0,0,0,0,0,0,0,0,0,0,0,0,0,0,0,0,0,0,0,0,0,0,0,0,0,0,0,0,0,0,0,0,0,0,0,0,0,0,0,0,0,0,0,0,0,0,0,0,0,0,0,0,0,0,0,0,0,0,0,0,0,0,0,0,0,0,0,0,0,0,0,0,0,0,0,0,0,0,0,0,0,0,0,0,0,0,0,0,0,0,0,0,0,0,0,0,0,0,0,0,0,0,0,0,0,0,0,0,0,0,0,0,0,0,0,0,0,0,0,0,0,0,0,0,0,0,0,0,0,0,0,0.00337961294022422,0.0078125,0,0,0,0,0,0,0,0,0,0,0,0,0
"427",0,0,0,0,0,0,0,0,0,0,0,0,0,0,0,0,0,0,0,0,0,0,0,0,0,0,0,0,0,0,0,0,0,0,0,0,0,0,0,0,0,0,0,0,0,0,0,0,0,0,0,0,0,0,0,0,0,0,0,0,0,0,0,0,0,0,0,0,0,0,0,0,0,0,0,0,0,0,0,0,0,0,0,0,0,0,0,0,0,0,0,0,0,0,0,0,0,0,0,0,0,0,0,0,0,0,0,0,0,0,0,0,0,0,0,0,0,0,0,0,0,0,0,0,0,0,0,0,0,0,0,0,0,0,0,0,0,0,0,0,0,0,0,0,0.00578624646773268,0,0,0,0,0,0,0,0,0.00763358778625954,0,0,0,0,0,0,0,0,0,0,0,0
"428",0,0,0,0,0,0,0,0,0,0,0,0,0,0,0,0,0,0,0,0,0,0,0,0,0,0,0,0,0,0,0,0,0,0,0,0,0,0,0,0,0,0,0,0,0,0,0,0,0,0,0,0,0,0,0,0,0,0,0,0,0,0,0,0,0,0,0,0,0,0,0,0,0,0,0,0,0,0,0,0,0,0,0,0,0,0,0,0,0,0,0,0,0,0,0,0,0,0,0,0,0,0,0,0,0,0,0,0,0,0,0,0,0,0,0,0,0,0,0,0,0,0,0,0,0,0,0,0,0,0,0,0,0,0,0,0,0,0,0,0,0,0,0,0,0,0,0,0,0,0,0,0,0,0,0.00166666666666667,0,0,0,0,0,0,0,0,0,0,0
"429",0,0,0,0,0,0,0,0,0,0,0,0,0,0,0,0,0,0,0,0,0,0,0,0,0,0,0,0,0,0,0,0,0,0,0,0,0,0,0,0,0,0,0,0,0,0,0,0,0,0,0,0,0,0,0,0,0,0,0,0,0,0,0,0,0,0,0,0,0,0,0,0,0,0,0,0,0,0,0,0,0,0,0,0,0,0,0,0,0,0,0,0,0,0,0,0,0,0,0,0,0,0,0,0,0,0,0,0,0,0,0,0,0,0,0,0,0,0,0,0,0,0,0,0,0,0,0,0,0,0,0,0,0,0,0,0,0,0,0,0,0,0,0,0,0,0,0,0,0,0,0,0,0,0,0,0.0625,0,0,0,0,0,0,0,0,0,0
"430",0,0,0,0,0,0,0,0,0,0,0,0,0,0,0,0,0,0,0,0,0,0,0,0,0,0,0,0,0,0,0,0,0,0,0,0,0,0,0,0,0,0,0,0,0,0,0,0,0,0,0,0,0,0,0,0,0,0,0,0,0,0,0,0,0,0,0,0,0,0,0,0,0,0,0,0,0,0,0,0,0,0,0,0,0,0,0,0,0,0,0,0,0,0,0,0,0,0,0,0,0,0,0,0,0,0,0,0,0,0,0,0,0,0,0,0,0,0,0,0,0,0,0,0,0.00275366136166973,0,0,0,0,0,0,0,0,0,0,0,0,0,0,0,0,0,0,0,0,0,0,0,0,0,0,0,0,0,0,0,0.00318471337579618,0,0,0,0,0,0,0,0,0
"431",0,0,0,0,0,0,0,0,0,0,0,0,0,0,0,0,0,0,0,0,0,0,0,0,0,0,0,0,0,0,0,0,0,0,0,0,0,0,0,0,0,0,0,0,0,0,0,0,0,0,0,0,0,0,0,0,0,0,0,0,0,0,0,0,0,0,0,0,0,0,0,0,0,0,0,0,0,0,0,0,0,0,0,0,0,0,0,0,0,0,0,0,0,0,0,0,0,0,0,0,0,0,0,0,0,0,0,0,0,0,0,0,0,0,0,0,0,0,0,0,0,0,0,0,0,0,0,0,0,0,0,0,0,0,0,0,0,0,0,0,0,0,0,0,0,0,0,0,0,0,0,0,0,0,0,0,0,0.00602409638554217,0,0,0.00147524079370151,0,0.00146469569216089,0.00146469569216089,0.00146993987539694,0.00147524079370151
"432",0,0,0,0,0,0,0,0,0,0,0,0,0,0,0,0,0,0,0,0,0,0,0,0,0,0,0,0,0,0,0,0,0,0,0,0,0,0,0,0,0,0,0,0,0,0,0,0,0,0,0,0,0,0,0,0,0,0,0,0,0,0,0,0,0,0,0,0,0,0,0,0,0,0,0,0,0,0,0,0,0,0,0,0,0,0,0,0,0,0,0,0,0,0,0,0,0,0,0,0,0,0,0,0,0,0,0,0,0,0,0,0.0060598270695465,0,0,0,0,0,0,0,0,0,0,0,0,0,0,0,0,0,0,0,0,0,0,0,0,0,0,0,0,0,0,0,0,0,0,0,0,0,0,0,0,0,0,0,0,0,0,0.00543478260869565,0,0,0,0,0,0,0
"433",0,0,0,0,0,0,0,0,0,0,0,0,0,0,0,0,0,0,0,0,0,0,0,0,0,0,0,0,0,0,0,0,0,0,0,0,0,0,0,0,0,0,0,0,0,0,0,0,0,0,0,0,0,0,0,0,0,0,0,0,0,0,0,0,0,0,0,0,0,0,0,0,0,0,0,0,0,0,0,0,0,0,0,0,0,0,0,0,0,0,0,0,0,0,0,0,0,0,0,0,0,0,0,0,0,0,0,0,0,0,0,0,0,0,0,0,0,0,0,0,0,0,0,0,0,0,0,0,0,0,0,0,0,0,0,0,0,0,0,0,0,0,0,0,0,0,0,0,0,0,0,0,0,0,0,0,0,0,0,0.00505050505050505,0,0,0,0,0,0
"434",0,0,0,0,0,0,0,0,0,0,0,0,0,0,0,0,0,0,0,0,0,0,0,0,0,0,0,0,0,0,0,0,0,0,0,0,0,0,0,0,0,0,0,0,0,0,0,0,0,0,0,0,0,0,0,0,0,0,0,0,0,0,0,0,0,0,0,0,0,0,0,0,0,0,0,0,0,0,0,0,0,0,0,0,0,0,0,0,0,0,0,0,0,0,0,0,0,0,0,0,0,0,0,0,0,0,0,0,0,0,0,0,0,0,0,0,0,0,0,0,0,0,0,0,0,0,0,0,0,0,0,0,0,0,0,0,0,0,0,0,0,0,0,0,0,0,0,0,0,0,0,0,0,0,0,0,0,0.00147524079370151,0,0,0.00144508670520231,0,0.000717378573364295,0.000717378573364295,0.000719947069133399,0.000722543352601156
"435",0,0,0,0,0,0,0,0,0,0,0,0,0,0,0,0,0,0,0,0,0,0,0,0,0,0,0,0,0,0,0,0,0,0,0,0,0,0,0,0,0,0,0,0,0,0,0,0,0,0,0,0,0,0,0,0,0,0,0,0,0,0,0,0,0,0,0,0,0,0,0,0,0,0,0,0,0,0,0,0,0,0,0,0,0,0,0,0,0,0,0,0,0,0,0,0,0,0,0,0,0,0,0,0,0,0,0,0,0,0,0,0,0,0,0,0,0,0,0,0,0,0,0,0,0,0,0,0,0,0,0,0,0,0,0,0,0,0,0,0,0,0,0,0,0,0,0,0,0,0,0,0,0,0,0,0,0,0,0,0,0,0.00188323917137476,0,0,0,0
"436",0,0,0,0,0,0,0,0,0,0,0,0,0,0,0,0,0,0,0,0,0,0,0,0,0,0,0,0,0,0,0,0,0,0,0,0,0,0,0,0,0,0,0,0,0,0,0,0,0,0,0,0,0,0,0,0,0,0,0,0,0,0,0,0,0,0,0,0,0,0,0,0,0,0,0,0,0,0,0,0,0,0,0,0,0,0,0,0,0,0,0,0,0,0,0,0,0,0,0,0,0,0,0,0,0,0,0,0,0,0,0,0,0,0,0,0,0,0,0,0,0,0,0,0,0,0,0,0,0,0,0,0,0,0,0,0,0,0,0,0,0,0,0,0,0,0,0,0,0,0,0,0,0,0,0,0,0,0.00146469569216089,0,0,0.000717378573364295,0,0.00142450142450142,0.000712250712250712,0.000714800848272168,0.000717378573364295
"437",0,0,0,0,0,0,0,0,0,0,0,0,0,0,0,0,0,0,0,0,0,0,0,0,0,0,0,0,0,0,0,0,0,0,0,0,0,0,0,0,0,0,0,0,0,0,0,0,0,0,0,0,0,0,0,0,0,0,0,0,0,0,0,0,0,0,0,0,0,0,0,0,0,0,0,0,0,0,0,0,0,0,0,0,0,0,0,0,0,0,0,0,0,0,0,0,0,0,0,0,0,0,0,0,0,0,0,0,0,0,0,0,0,0,0,0,0,0,0,0,0,0,0,0,0,0,0,0,0,0,0,0,0,0,0,0,0,0,0,0,0,0,0,0,0,0,0,0,0,0,0,0,0,0,0,0,0,0.00146469569216089,0,0,0.000717378573364295,0,0.000712250712250712,0.00142450142450142,0.000714800848272168,0.000717378573364295
"438",0,0,0,0,0,0,0,0,0,0,0,0,0,0,0,0,0,0,0,0,0,0,0,0,0,0,0,0,0,0,0,0,0,0,0,0,0,0,0,0,0,0,0,0,0,0,0,0,0,0,0,0,0,0,0,0,0,0,0,0,0,0,0,0,0,0,0,0,0,0,0,0,0,0,0,0,0,0,0,0,0,0,0,0,0,0,0,0,0,0,0,0,0,0,0,0,0,0,0,0,0,0,0,0,0,0,0,0,0,0,0,0,0,0,0,0,0,0,0,0,0,0,0,0,0,0,0,0,0,0,0,0,0,0,0,0,0,0,0,0,0,0,0,0,0,0,0,0,0,0,0,0,0,0,0,0,0,0.00146993987539694,0,0,0.000719947069133399,0,0.000714800848272168,0.000714800848272168,0.00143472022955524,0.000719947069133399
"439",0,0,0,0,0,0,0,0,0,0,0,0,0,0,0,0,0,0,0,0,0,0,0,0,0,0,0,0,0,0,0,0,0,0,0,0,0,0,0,0,0,0,0,0,0,0,0,0,0,0,0,0,0,0,0,0,0,0,0,0,0,0,0,0,0,0,0,0,0,0,0,0,0,0,0,0,0,0,0,0,0,0,0,0,0,0,0,0,0,0,0,0,0,0,0,0,0,0,0,0,0,0,0,0,0,0,0,0,0,0,0,0,0,0,0,0,0,0,0,0,0,0,0,0,0,0,0,0,0,0,0,0,0,0,0,0,0,0,0,0,0,0,0,0,0,0,0,0,0,0,0,0,0,0,0,0,0,0.00147524079370151,0,0,0.000722543352601156,0,0.000717378573364295,0.000717378573364295,0.000719947069133399,0.00144508670520231
